<application>
  <component name="libraryTable">
    <library name="actioncable (v5.2.2, ruby-2.3.3-p222) [gem]" type="rubylib">
      <properties>
        <option name="version" value="3" />
      </properties>
      <CLASSES>
        <root url="file:///Library/Ruby/Gems/2.3.0/gems/actioncable-5.2.2/lib" />
      </CLASSES>
      <JAVADOC />
      <SOURCES>
        <root url="file:///Library/Ruby/Gems/2.3.0/gems/actioncable-5.2.2/lib" />
      </SOURCES>
    </library>
    <library name="actionmailer (v5.2.2, ruby-2.3.3-p222) [gem]" type="rubylib">
      <properties>
        <option name="version" value="3" />
      </properties>
      <CLASSES>
        <root url="file:///Library/Ruby/Gems/2.3.0/gems/actionmailer-5.2.2/lib" />
      </CLASSES>
      <JAVADOC />
      <SOURCES>
        <root url="file:///Library/Ruby/Gems/2.3.0/gems/actionmailer-5.2.2/lib" />
      </SOURCES>
    </library>
    <library name="actionpack (v5.2.2, ruby-2.3.3-p222) [gem]" type="rubylib">
      <properties>
        <option name="version" value="3" />
      </properties>
      <CLASSES>
        <root url="file:///Library/Ruby/Gems/2.3.0/gems/actionpack-5.2.2/lib" />
      </CLASSES>
      <JAVADOC />
      <SOURCES>
        <root url="file:///Library/Ruby/Gems/2.3.0/gems/actionpack-5.2.2/lib" />
      </SOURCES>
    </library>
    <library name="actionview (v5.2.2, ruby-2.3.3-p222) [gem]" type="rubylib">
      <properties>
        <option name="version" value="3" />
      </properties>
      <CLASSES>
        <root url="file:///Library/Ruby/Gems/2.3.0/gems/actionview-5.2.2/lib" />
      </CLASSES>
      <JAVADOC />
      <SOURCES>
        <root url="file:///Library/Ruby/Gems/2.3.0/gems/actionview-5.2.2/lib" />
      </SOURCES>
    </library>
    <library name="activejob (v5.2.2, ruby-2.3.3-p222) [gem]" type="rubylib">
      <properties>
        <option name="version" value="3" />
      </properties>
      <CLASSES>
        <root url="file:///Library/Ruby/Gems/2.3.0/gems/activejob-5.2.2/lib" />
      </CLASSES>
      <JAVADOC />
      <SOURCES>
        <root url="file:///Library/Ruby/Gems/2.3.0/gems/activejob-5.2.2/lib" />
      </SOURCES>
    </library>
    <library name="activemodel (v5.2.2, ruby-2.3.3-p222) [gem]" type="rubylib">
      <properties>
        <option name="version" value="3" />
      </properties>
      <CLASSES>
        <root url="file:///Library/Ruby/Gems/2.3.0/gems/activemodel-5.2.2/lib" />
      </CLASSES>
      <JAVADOC />
      <SOURCES>
        <root url="file:///Library/Ruby/Gems/2.3.0/gems/activemodel-5.2.2/lib" />
      </SOURCES>
    </library>
    <library name="activerecord (v5.2.2, ruby-2.3.3-p222) [gem]" type="rubylib">
      <properties>
        <option name="version" value="3" />
      </properties>
      <CLASSES>
        <root url="file:///Library/Ruby/Gems/2.3.0/gems/activerecord-5.2.2/lib" />
        <root url="file:///Library/Ruby/Gems/2.3.0/gems/activerecord-5.2.2/examples" />
      </CLASSES>
      <JAVADOC />
      <SOURCES>
        <root url="file:///Library/Ruby/Gems/2.3.0/gems/activerecord-5.2.2/lib" />
        <root url="file:///Library/Ruby/Gems/2.3.0/gems/activerecord-5.2.2/examples" />
      </SOURCES>
      <excluded>
        <root url="file:///Library/Ruby/Gems/2.3.0/gems/activerecord-5.2.2/examples" />
      </excluded>
    </library>
    <library name="activestorage (v5.2.2, ruby-2.3.3-p222) [gem]" type="rubylib">
      <properties>
        <option name="version" value="3" />
      </properties>
      <CLASSES>
        <root url="file:///Library/Ruby/Gems/2.3.0/gems/activestorage-5.2.2/db" />
        <root url="file:///Library/Ruby/Gems/2.3.0/gems/activestorage-5.2.2/app" />
        <root url="file:///Library/Ruby/Gems/2.3.0/gems/activestorage-5.2.2/lib" />
        <root url="file:///Library/Ruby/Gems/2.3.0/gems/activestorage-5.2.2/config" />
      </CLASSES>
      <JAVADOC />
      <SOURCES>
        <root url="file:///Library/Ruby/Gems/2.3.0/gems/activestorage-5.2.2/db" />
        <root url="file:///Library/Ruby/Gems/2.3.0/gems/activestorage-5.2.2/app" />
        <root url="file:///Library/Ruby/Gems/2.3.0/gems/activestorage-5.2.2/lib" />
        <root url="file:///Library/Ruby/Gems/2.3.0/gems/activestorage-5.2.2/config" />
      </SOURCES>
      <excluded>
        <root url="file:///Library/Ruby/Gems/2.3.0/gems/activestorage-5.2.2/db" />
        <root url="file:///Library/Ruby/Gems/2.3.0/gems/activestorage-5.2.2/config" />
      </excluded>
    </library>
    <library name="activesupport (v5.2.2, ruby-2.3.3-p222) [gem]" type="rubylib">
      <properties>
        <option name="version" value="3" />
      </properties>
      <CLASSES>
        <root url="file:///Library/Ruby/Gems/2.3.0/gems/activesupport-5.2.2/lib" />
      </CLASSES>
      <JAVADOC />
      <SOURCES>
        <root url="file:///Library/Ruby/Gems/2.3.0/gems/activesupport-5.2.2/lib" />
      </SOURCES>
    </library>
    <library name="addressable (v2.6.0, ruby-2.3.3-p222) [gem]" type="rubylib">
      <properties>
        <option name="version" value="3" />
      </properties>
      <CLASSES>
        <root url="file:///Library/Ruby/Gems/2.3.0/gems/addressable-2.6.0/lib" />
        <root url="file:///Library/Ruby/Gems/2.3.0/gems/addressable-2.6.0/data" />
        <root url="file:///Library/Ruby/Gems/2.3.0/gems/addressable-2.6.0/spec" />
        <root url="file:///Library/Ruby/Gems/2.3.0/gems/addressable-2.6.0/tasks" />
      </CLASSES>
      <JAVADOC />
      <SOURCES>
        <root url="file:///Library/Ruby/Gems/2.3.0/gems/addressable-2.6.0/lib" />
        <root url="file:///Library/Ruby/Gems/2.3.0/gems/addressable-2.6.0/data" />
        <root url="file:///Library/Ruby/Gems/2.3.0/gems/addressable-2.6.0/spec" />
        <root url="file:///Library/Ruby/Gems/2.3.0/gems/addressable-2.6.0/tasks" />
      </SOURCES>
      <excluded>
        <root url="file:///Library/Ruby/Gems/2.3.0/gems/addressable-2.6.0/data" />
        <root url="file:///Library/Ruby/Gems/2.3.0/gems/addressable-2.6.0/spec" />
        <root url="file:///Library/Ruby/Gems/2.3.0/gems/addressable-2.6.0/tasks" />
      </excluded>
    </library>
    <library name="archive-zip (v0.11.0, ruby-2.3.3-p222) [gem]" type="rubylib">
      <properties>
        <option name="version" value="3" />
      </properties>
      <CLASSES>
        <root url="file:///Library/Ruby/Gems/2.3.0/gems/archive-zip-0.11.0/lib" />
        <root url="file:///Library/Ruby/Gems/2.3.0/gems/archive-zip-0.11.0/spec" />
      </CLASSES>
      <JAVADOC />
      <SOURCES>
        <root url="file:///Library/Ruby/Gems/2.3.0/gems/archive-zip-0.11.0/lib" />
        <root url="file:///Library/Ruby/Gems/2.3.0/gems/archive-zip-0.11.0/spec" />
      </SOURCES>
      <excluded>
        <root url="file:///Library/Ruby/Gems/2.3.0/gems/archive-zip-0.11.0/spec" />
      </excluded>
    </library>
    <library name="arel (v9.0.0, ruby-2.3.3-p222) [gem]" type="rubylib">
      <properties>
        <option name="version" value="3" />
      </properties>
      <CLASSES>
        <root url="file:///Library/Ruby/Gems/2.3.0/gems/arel-9.0.0/lib" />
      </CLASSES>
      <JAVADOC />
      <SOURCES>
        <root url="file:///Library/Ruby/Gems/2.3.0/gems/arel-9.0.0/lib" />
      </SOURCES>
    </library>
    <library name="ast (v2.4.0, ruby-2.3.3-p222) [gem]" type="rubylib">
      <properties>
        <option name="version" value="3" />
      </properties>
      <CLASSES>
        <root url="file://$USER_HOME$/.gem/ruby/2.3.0/gems/ast-2.4.0/lib" />
        <root url="file://$USER_HOME$/.gem/ruby/2.3.0/gems/ast-2.4.0/test" />
      </CLASSES>
      <JAVADOC />
      <SOURCES>
        <root url="file://$USER_HOME$/.gem/ruby/2.3.0/gems/ast-2.4.0/lib" />
        <root url="file://$USER_HOME$/.gem/ruby/2.3.0/gems/ast-2.4.0/test" />
      </SOURCES>
      <excluded>
        <root url="file://$USER_HOME$/.gem/ruby/2.3.0/gems/ast-2.4.0/test" />
      </excluded>
    </library>
    <library name="bigdecimal (v1.2.8, ruby-2.3.3-p222) [gem]" type="rubylib">
      <properties>
        <option name="version" value="3" />
      </properties>
      <CLASSES />
      <JAVADOC />
      <SOURCES />
    </library>
    <library name="bindex (v0.5.0, ruby-2.3.3-p222) [gem]" type="rubylib">
      <properties>
        <option name="version" value="3" />
      </properties>
      <CLASSES>
        <root url="file:///Library/Ruby/Gems/2.3.0/gems/bindex-0.5.0/ext" />
        <root url="file:///Library/Ruby/Gems/2.3.0/gems/bindex-0.5.0/lib" />
        <root url="file:///Library/Ruby/Gems/2.3.0/gems/bindex-0.5.0/test" />
      </CLASSES>
      <JAVADOC />
      <SOURCES>
        <root url="file:///Library/Ruby/Gems/2.3.0/gems/bindex-0.5.0/ext" />
        <root url="file:///Library/Ruby/Gems/2.3.0/gems/bindex-0.5.0/lib" />
        <root url="file:///Library/Ruby/Gems/2.3.0/gems/bindex-0.5.0/test" />
      </SOURCES>
      <excluded>
        <root url="file:///Library/Ruby/Gems/2.3.0/gems/bindex-0.5.0/ext" />
        <root url="file:///Library/Ruby/Gems/2.3.0/gems/bindex-0.5.0/test" />
      </excluded>
    </library>
    <library name="bootsnap (v1.3.2, ruby-2.3.3-p222) [gem]" type="rubylib">
      <properties>
        <option name="version" value="3" />
      </properties>
      <CLASSES>
        <root url="file:///Library/Ruby/Gems/2.3.0/gems/bootsnap-1.3.2/bin" />
        <root url="file:///Library/Ruby/Gems/2.3.0/gems/bootsnap-1.3.2/ext" />
        <root url="file:///Library/Ruby/Gems/2.3.0/gems/bootsnap-1.3.2/lib" />
      </CLASSES>
      <JAVADOC />
      <SOURCES>
        <root url="file:///Library/Ruby/Gems/2.3.0/gems/bootsnap-1.3.2/bin" />
        <root url="file:///Library/Ruby/Gems/2.3.0/gems/bootsnap-1.3.2/ext" />
        <root url="file:///Library/Ruby/Gems/2.3.0/gems/bootsnap-1.3.2/lib" />
      </SOURCES>
      <excluded>
        <root url="file:///Library/Ruby/Gems/2.3.0/gems/bootsnap-1.3.2/bin" />
        <root url="file:///Library/Ruby/Gems/2.3.0/gems/bootsnap-1.3.2/ext" />
      </excluded>
    </library>
    <library name="builder (v3.2.3, ruby-2.3.3-p222) [gem]" type="rubylib">
      <properties>
        <option name="version" value="3" />
      </properties>
      <CLASSES>
        <root url="file:///Library/Ruby/Gems/2.3.0/gems/builder-3.2.3/doc" />
        <root url="file:///Library/Ruby/Gems/2.3.0/gems/builder-3.2.3/lib" />
        <root url="file:///Library/Ruby/Gems/2.3.0/gems/builder-3.2.3/test" />
        <root url="file:///Library/Ruby/Gems/2.3.0/gems/builder-3.2.3/rakelib" />
      </CLASSES>
      <JAVADOC />
      <SOURCES>
        <root url="file:///Library/Ruby/Gems/2.3.0/gems/builder-3.2.3/doc" />
        <root url="file:///Library/Ruby/Gems/2.3.0/gems/builder-3.2.3/lib" />
        <root url="file:///Library/Ruby/Gems/2.3.0/gems/builder-3.2.3/test" />
        <root url="file:///Library/Ruby/Gems/2.3.0/gems/builder-3.2.3/rakelib" />
      </SOURCES>
      <excluded>
        <root url="file:///Library/Ruby/Gems/2.3.0/gems/builder-3.2.3/doc" />
        <root url="file:///Library/Ruby/Gems/2.3.0/gems/builder-3.2.3/test" />
        <root url="file:///Library/Ruby/Gems/2.3.0/gems/builder-3.2.3/rakelib" />
      </excluded>
    </library>
    <library name="bundler (v2.0.1, ruby-2.3.3-p222) [gem]" type="rubylib">
      <properties>
        <option name="version" value="3" />
      </properties>
      <CLASSES>
        <root url="file:///Library/Ruby/Gems/2.3.0/gems/bundler-2.0.1/exe" />
        <root url="file:///Library/Ruby/Gems/2.3.0/gems/bundler-2.0.1/lib" />
        <root url="file:///Library/Ruby/Gems/2.3.0/gems/bundler-2.0.1/man" />
      </CLASSES>
      <JAVADOC />
      <SOURCES>
        <root url="file:///Library/Ruby/Gems/2.3.0/gems/bundler-2.0.1/exe" />
        <root url="file:///Library/Ruby/Gems/2.3.0/gems/bundler-2.0.1/lib" />
        <root url="file:///Library/Ruby/Gems/2.3.0/gems/bundler-2.0.1/man" />
      </SOURCES>
      <excluded>
        <root url="file:///Library/Ruby/Gems/2.3.0/gems/bundler-2.0.1/exe" />
        <root url="file:///Library/Ruby/Gems/2.3.0/gems/bundler-2.0.1/man" />
      </excluded>
    </library>
    <library name="byebug (v10.0.2, ruby-2.3.3-p222) [gem]" type="rubylib">
      <properties>
        <option name="version" value="3" />
      </properties>
      <CLASSES>
        <root url="file:///Library/Ruby/Gems/2.3.0/gems/byebug-10.0.2/exe" />
        <root url="file:///Library/Ruby/Gems/2.3.0/gems/byebug-10.0.2/ext" />
        <root url="file:///Library/Ruby/Gems/2.3.0/gems/byebug-10.0.2/lib" />
      </CLASSES>
      <JAVADOC />
      <SOURCES>
        <root url="file:///Library/Ruby/Gems/2.3.0/gems/byebug-10.0.2/exe" />
        <root url="file:///Library/Ruby/Gems/2.3.0/gems/byebug-10.0.2/ext" />
        <root url="file:///Library/Ruby/Gems/2.3.0/gems/byebug-10.0.2/lib" />
      </SOURCES>
      <excluded>
        <root url="file:///Library/Ruby/Gems/2.3.0/gems/byebug-10.0.2/exe" />
        <root url="file:///Library/Ruby/Gems/2.3.0/gems/byebug-10.0.2/ext" />
      </excluded>
    </library>
    <library name="capybara (v3.13.0, ruby-2.3.3-p222) [gem]" type="rubylib">
      <properties>
        <option name="version" value="3" />
      </properties>
      <CLASSES>
        <root url="file:///Library/Ruby/Gems/2.3.0/gems/capybara-3.13.0/lib" />
        <root url="file:///Library/Ruby/Gems/2.3.0/gems/capybara-3.13.0/spec" />
      </CLASSES>
      <JAVADOC />
      <SOURCES>
        <root url="file:///Library/Ruby/Gems/2.3.0/gems/capybara-3.13.0/lib" />
        <root url="file:///Library/Ruby/Gems/2.3.0/gems/capybara-3.13.0/spec" />
      </SOURCES>
      <excluded>
        <root url="file:///Library/Ruby/Gems/2.3.0/gems/capybara-3.13.0/spec" />
      </excluded>
    </library>
    <library name="CFPropertyList (v2.2.8, ruby-2.3.3-p222) [gem]" type="rubylib">
      <properties>
        <option name="version" value="3" />
      </properties>
      <CLASSES>
        <root url="file:///System/Library/Frameworks/Ruby.framework/Versions/2.3/usr/lib/ruby/gems/2.3.0/gems/CFPropertyList-2.2.8/lib" />
      </CLASSES>
      <JAVADOC />
      <SOURCES>
        <root url="file:///System/Library/Frameworks/Ruby.framework/Versions/2.3/usr/lib/ruby/gems/2.3.0/gems/CFPropertyList-2.2.8/lib" />
      </SOURCES>
    </library>
    <library name="childprocess (v0.9.0, ruby-2.3.3-p222) [gem]" type="rubylib">
      <properties>
        <option name="version" value="3" />
      </properties>
      <CLASSES>
        <root url="file:///Library/Ruby/Gems/2.3.0/gems/childprocess-0.9.0/lib" />
        <root url="file:///Library/Ruby/Gems/2.3.0/gems/childprocess-0.9.0/spec" />
      </CLASSES>
      <JAVADOC />
      <SOURCES>
        <root url="file:///Library/Ruby/Gems/2.3.0/gems/childprocess-0.9.0/lib" />
        <root url="file:///Library/Ruby/Gems/2.3.0/gems/childprocess-0.9.0/spec" />
      </SOURCES>
      <excluded>
        <root url="file:///Library/Ruby/Gems/2.3.0/gems/childprocess-0.9.0/spec" />
      </excluded>
    </library>
    <library name="chromedriver-helper (v2.1.0, ruby-2.3.3-p222) [gem]" type="rubylib">
      <properties>
        <option name="version" value="3" />
      </properties>
      <CLASSES>
        <root url="file:///Library/Ruby/Gems/2.3.0/gems/chromedriver-helper-2.1.0/bin" />
        <root url="file:///Library/Ruby/Gems/2.3.0/gems/chromedriver-helper-2.1.0/lib" />
        <root url="file:///Library/Ruby/Gems/2.3.0/gems/chromedriver-helper-2.1.0/spec" />
        <root url="file:///Library/Ruby/Gems/2.3.0/gems/chromedriver-helper-2.1.0/concourse" />
      </CLASSES>
      <JAVADOC />
      <SOURCES>
        <root url="file:///Library/Ruby/Gems/2.3.0/gems/chromedriver-helper-2.1.0/bin" />
        <root url="file:///Library/Ruby/Gems/2.3.0/gems/chromedriver-helper-2.1.0/lib" />
        <root url="file:///Library/Ruby/Gems/2.3.0/gems/chromedriver-helper-2.1.0/spec" />
        <root url="file:///Library/Ruby/Gems/2.3.0/gems/chromedriver-helper-2.1.0/concourse" />
      </SOURCES>
      <excluded>
        <root url="file:///Library/Ruby/Gems/2.3.0/gems/chromedriver-helper-2.1.0/bin" />
        <root url="file:///Library/Ruby/Gems/2.3.0/gems/chromedriver-helper-2.1.0/spec" />
        <root url="file:///Library/Ruby/Gems/2.3.0/gems/chromedriver-helper-2.1.0/concourse" />
      </excluded>
    </library>
    <library name="coffee-rails (v4.2.2, ruby-2.3.3-p222) [gem]" type="rubylib">
      <properties>
        <option name="version" value="3" />
      </properties>
      <CLASSES>
        <root url="file:///Library/Ruby/Gems/2.3.0/gems/coffee-rails-4.2.2/lib" />
      </CLASSES>
      <JAVADOC />
      <SOURCES>
        <root url="file:///Library/Ruby/Gems/2.3.0/gems/coffee-rails-4.2.2/lib" />
      </SOURCES>
    </library>
    <library name="coffee-script (v2.4.1, ruby-2.3.3-p222) [gem]" type="rubylib">
      <properties>
        <option name="version" value="3" />
      </properties>
      <CLASSES>
        <root url="file:///Library/Ruby/Gems/2.3.0/gems/coffee-script-2.4.1/lib" />
      </CLASSES>
      <JAVADOC />
      <SOURCES>
        <root url="file:///Library/Ruby/Gems/2.3.0/gems/coffee-script-2.4.1/lib" />
      </SOURCES>
    </library>
    <library name="coffee-script-source (v1.12.2, ruby-2.3.3-p222) [gem]" type="rubylib">
      <properties>
        <option name="version" value="3" />
      </properties>
      <CLASSES>
        <root url="file:///Library/Ruby/Gems/2.3.0/gems/coffee-script-source-1.12.2/lib" />
      </CLASSES>
      <JAVADOC />
      <SOURCES>
        <root url="file:///Library/Ruby/Gems/2.3.0/gems/coffee-script-source-1.12.2/lib" />
      </SOURCES>
    </library>
    <library name="concurrent-ruby (v1.1.4, ruby-2.3.3-p222) [gem]" type="rubylib">
      <properties>
        <option name="version" value="3" />
      </properties>
      <CLASSES>
        <root url="file:///Library/Ruby/Gems/2.3.0/gems/concurrent-ruby-1.1.4/ext" />
        <root url="file:///Library/Ruby/Gems/2.3.0/gems/concurrent-ruby-1.1.4/lib" />
      </CLASSES>
      <JAVADOC />
      <SOURCES>
        <root url="file:///Library/Ruby/Gems/2.3.0/gems/concurrent-ruby-1.1.4/ext" />
        <root url="file:///Library/Ruby/Gems/2.3.0/gems/concurrent-ruby-1.1.4/lib" />
      </SOURCES>
      <excluded>
        <root url="file:///Library/Ruby/Gems/2.3.0/gems/concurrent-ruby-1.1.4/ext" />
      </excluded>
    </library>
    <library name="crass (v1.0.4, ruby-2.3.3-p222) [gem]" type="rubylib">
      <properties>
        <option name="version" value="3" />
      </properties>
      <CLASSES>
        <root url="file:///Library/Ruby/Gems/2.3.0/gems/crass-1.0.4/lib" />
        <root url="file:///Library/Ruby/Gems/2.3.0/gems/crass-1.0.4/test" />
      </CLASSES>
      <JAVADOC />
      <SOURCES>
        <root url="file:///Library/Ruby/Gems/2.3.0/gems/crass-1.0.4/lib" />
        <root url="file:///Library/Ruby/Gems/2.3.0/gems/crass-1.0.4/test" />
      </SOURCES>
      <excluded>
        <root url="file:///Library/Ruby/Gems/2.3.0/gems/crass-1.0.4/test" />
      </excluded>
    </library>
    <library name="did_you_mean (v1.0.0, ruby-2.3.3-p222) [gem]" type="rubylib">
      <properties>
        <option name="version" value="3" />
      </properties>
      <CLASSES>
        <root url="file:///Library/Ruby/Gems/2.3.0/gems/did_you_mean-1.0.0/doc" />
        <root url="file:///Library/Ruby/Gems/2.3.0/gems/did_you_mean-1.0.0/lib" />
        <root url="file:///Library/Ruby/Gems/2.3.0/gems/did_you_mean-1.0.0/test" />
        <root url="file:///Library/Ruby/Gems/2.3.0/gems/did_you_mean-1.0.0/benchmark" />
        <root url="file:///Library/Ruby/Gems/2.3.0/gems/did_you_mean-1.0.0/evaluation" />
      </CLASSES>
      <JAVADOC />
      <SOURCES>
        <root url="file:///Library/Ruby/Gems/2.3.0/gems/did_you_mean-1.0.0/doc" />
        <root url="file:///Library/Ruby/Gems/2.3.0/gems/did_you_mean-1.0.0/lib" />
        <root url="file:///Library/Ruby/Gems/2.3.0/gems/did_you_mean-1.0.0/test" />
        <root url="file:///Library/Ruby/Gems/2.3.0/gems/did_you_mean-1.0.0/benchmark" />
        <root url="file:///Library/Ruby/Gems/2.3.0/gems/did_you_mean-1.0.0/evaluation" />
      </SOURCES>
      <excluded>
        <root url="file:///Library/Ruby/Gems/2.3.0/gems/did_you_mean-1.0.0/doc" />
        <root url="file:///Library/Ruby/Gems/2.3.0/gems/did_you_mean-1.0.0/test" />
        <root url="file:///Library/Ruby/Gems/2.3.0/gems/did_you_mean-1.0.0/benchmark" />
        <root url="file:///Library/Ruby/Gems/2.3.0/gems/did_you_mean-1.0.0/evaluation" />
      </excluded>
    </library>
    <library name="erubi (v1.8.0, ruby-2.3.3-p222) [gem]" type="rubylib">
      <properties>
        <option name="version" value="3" />
      </properties>
      <CLASSES>
        <root url="file:///Library/Ruby/Gems/2.3.0/gems/erubi-1.8.0/lib" />
        <root url="file:///Library/Ruby/Gems/2.3.0/gems/erubi-1.8.0/test" />
      </CLASSES>
      <JAVADOC />
      <SOURCES>
        <root url="file:///Library/Ruby/Gems/2.3.0/gems/erubi-1.8.0/lib" />
        <root url="file:///Library/Ruby/Gems/2.3.0/gems/erubi-1.8.0/test" />
      </SOURCES>
      <excluded>
        <root url="file:///Library/Ruby/Gems/2.3.0/gems/erubi-1.8.0/test" />
      </excluded>
    </library>
    <library name="execjs (v2.7.0, ruby-2.3.3-p222) [gem]" type="rubylib">
      <properties>
        <option name="version" value="3" />
      </properties>
      <CLASSES>
        <root url="file:///Library/Ruby/Gems/2.3.0/gems/execjs-2.7.0/lib" />
      </CLASSES>
      <JAVADOC />
      <SOURCES>
        <root url="file:///Library/Ruby/Gems/2.3.0/gems/execjs-2.7.0/lib" />
      </SOURCES>
    </library>
    <library name="ffi (v1.10.0, ruby-2.3.3-p222) [gem]" type="rubylib">
      <properties>
        <option name="version" value="3" />
      </properties>
      <CLASSES>
        <root url="file:///Library/Ruby/Gems/2.3.0/gems/ffi-1.10.0/ext" />
        <root url="file:///Library/Ruby/Gems/2.3.0/gems/ffi-1.10.0/lib" />
        <root url="file:///Library/Ruby/Gems/2.3.0/gems/ffi-1.10.0/samples" />
      </CLASSES>
      <JAVADOC />
      <SOURCES>
        <root url="file:///Library/Ruby/Gems/2.3.0/gems/ffi-1.10.0/ext" />
        <root url="file:///Library/Ruby/Gems/2.3.0/gems/ffi-1.10.0/lib" />
        <root url="file:///Library/Ruby/Gems/2.3.0/gems/ffi-1.10.0/samples" />
      </SOURCES>
      <excluded>
        <root url="file:///Library/Ruby/Gems/2.3.0/gems/ffi-1.10.0/ext" />
        <root url="file:///Library/Ruby/Gems/2.3.0/gems/ffi-1.10.0/samples" />
      </excluded>
    </library>
    <library name="globalid (v0.4.2, ruby-2.3.3-p222) [gem]" type="rubylib">
      <properties>
        <option name="version" value="3" />
      </properties>
      <CLASSES>
        <root url="file:///Library/Ruby/Gems/2.3.0/gems/globalid-0.4.2/lib" />
      </CLASSES>
      <JAVADOC />
      <SOURCES>
        <root url="file:///Library/Ruby/Gems/2.3.0/gems/globalid-0.4.2/lib" />
      </SOURCES>
    </library>
    <library name="i18n (v1.5.3, ruby-2.3.3-p222) [gem]" type="rubylib">
      <properties>
        <option name="version" value="3" />
      </properties>
      <CLASSES>
        <root url="file:///Library/Ruby/Gems/2.3.0/gems/i18n-1.5.3/lib" />
      </CLASSES>
      <JAVADOC />
      <SOURCES>
        <root url="file:///Library/Ruby/Gems/2.3.0/gems/i18n-1.5.3/lib" />
      </SOURCES>
    </library>
    <library name="io-console (v0.4.5, ruby-2.3.3-p222) [gem]" type="rubylib">
      <properties>
        <option name="version" value="3" />
      </properties>
      <CLASSES />
      <JAVADOC />
      <SOURCES />
    </library>
    <library name="io-like (v0.3.0, ruby-2.3.3-p222) [gem]" type="rubylib">
      <properties>
        <option name="version" value="3" />
      </properties>
      <CLASSES>
        <root url="file:///Library/Ruby/Gems/2.3.0/gems/io-like-0.3.0/lib" />
      </CLASSES>
      <JAVADOC />
      <SOURCES>
        <root url="file:///Library/Ruby/Gems/2.3.0/gems/io-like-0.3.0/lib" />
      </SOURCES>
    </library>
    <library name="jaro_winkler (v1.5.2, ruby-2.3.3-p222) [gem]" type="rubylib">
      <properties>
        <option name="version" value="3" />
      </properties>
      <CLASSES>
        <root url="file://$USER_HOME$/.gem/ruby/2.3.0/gems/jaro_winkler-1.5.2/ext" />
        <root url="file://$USER_HOME$/.gem/ruby/2.3.0/gems/jaro_winkler-1.5.2/lib" />
      </CLASSES>
      <JAVADOC />
      <SOURCES>
        <root url="file://$USER_HOME$/.gem/ruby/2.3.0/gems/jaro_winkler-1.5.2/ext" />
        <root url="file://$USER_HOME$/.gem/ruby/2.3.0/gems/jaro_winkler-1.5.2/lib" />
      </SOURCES>
      <excluded>
        <root url="file://$USER_HOME$/.gem/ruby/2.3.0/gems/jaro_winkler-1.5.2/ext" />
      </excluded>
    </library>
    <library name="jbuilder (v2.8.0, ruby-2.3.3-p222) [gem]" type="rubylib">
      <properties>
        <option name="version" value="3" />
      </properties>
      <CLASSES>
        <root url="file:///Library/Ruby/Gems/2.3.0/gems/jbuilder-2.8.0/lib" />
        <root url="file:///Library/Ruby/Gems/2.3.0/gems/jbuilder-2.8.0/test" />
        <root url="file:///Library/Ruby/Gems/2.3.0/gems/jbuilder-2.8.0/gemfiles" />
      </CLASSES>
      <JAVADOC />
      <SOURCES>
        <root url="file:///Library/Ruby/Gems/2.3.0/gems/jbuilder-2.8.0/lib" />
        <root url="file:///Library/Ruby/Gems/2.3.0/gems/jbuilder-2.8.0/test" />
        <root url="file:///Library/Ruby/Gems/2.3.0/gems/jbuilder-2.8.0/gemfiles" />
      </SOURCES>
      <excluded>
        <root url="file:///Library/Ruby/Gems/2.3.0/gems/jbuilder-2.8.0/test" />
        <root url="file:///Library/Ruby/Gems/2.3.0/gems/jbuilder-2.8.0/gemfiles" />
      </excluded>
    </library>
    <library name="json (v1.8.3, ruby-2.3.3-p222) [gem]" type="rubylib">
      <properties>
        <option name="version" value="3" />
      </properties>
      <CLASSES>
        <root url="file:///usr/lib/ruby/2.3.0/json/add" />
      </CLASSES>
      <JAVADOC />
      <SOURCES>
        <root url="file:///usr/lib/ruby/2.3.0/json/add" />
      </SOURCES>
      <excluded>
        <root url="file:///usr/lib/ruby/2.3.0/json/add" />
      </excluded>
    </library>
    <library name="libxml-ruby (v2.9.0, ruby-2.3.3-p222) [gem]" type="rubylib">
      <properties>
        <option name="version" value="3" />
      </properties>
      <CLASSES>
        <root url="file:///System/Library/Frameworks/Ruby.framework/Versions/2.3/usr/lib/ruby/gems/2.3.0/gems/libxml-ruby-2.9.0/ext" />
        <root url="file:///System/Library/Frameworks/Ruby.framework/Versions/2.3/usr/lib/ruby/gems/2.3.0/gems/libxml-ruby-2.9.0/lib" />
      </CLASSES>
      <JAVADOC />
      <SOURCES>
        <root url="file:///System/Library/Frameworks/Ruby.framework/Versions/2.3/usr/lib/ruby/gems/2.3.0/gems/libxml-ruby-2.9.0/ext" />
        <root url="file:///System/Library/Frameworks/Ruby.framework/Versions/2.3/usr/lib/ruby/gems/2.3.0/gems/libxml-ruby-2.9.0/lib" />
      </SOURCES>
      <excluded>
        <root url="file:///System/Library/Frameworks/Ruby.framework/Versions/2.3/usr/lib/ruby/gems/2.3.0/gems/libxml-ruby-2.9.0/ext" />
      </excluded>
    </library>
    <library name="listen (v3.1.5, ruby-2.3.3-p222) [gem]" type="rubylib">
      <properties>
        <option name="version" value="3" />
      </properties>
      <CLASSES>
        <root url="file:///Library/Ruby/Gems/2.3.0/gems/listen-3.1.5/bin" />
        <root url="file:///Library/Ruby/Gems/2.3.0/gems/listen-3.1.5/lib" />
      </CLASSES>
      <JAVADOC />
      <SOURCES>
        <root url="file:///Library/Ruby/Gems/2.3.0/gems/listen-3.1.5/bin" />
        <root url="file:///Library/Ruby/Gems/2.3.0/gems/listen-3.1.5/lib" />
      </SOURCES>
      <excluded>
        <root url="file:///Library/Ruby/Gems/2.3.0/gems/listen-3.1.5/bin" />
      </excluded>
    </library>
    <library name="loofah (v2.2.3, ruby-2.3.3-p222) [gem]" type="rubylib">
      <properties>
        <option name="version" value="3" />
      </properties>
      <CLASSES>
        <root url="file:///Library/Ruby/Gems/2.3.0/gems/loofah-2.2.3/lib" />
        <root url="file:///Library/Ruby/Gems/2.3.0/gems/loofah-2.2.3/test" />
        <root url="file:///Library/Ruby/Gems/2.3.0/gems/loofah-2.2.3/benchmark" />
      </CLASSES>
      <JAVADOC />
      <SOURCES>
        <root url="file:///Library/Ruby/Gems/2.3.0/gems/loofah-2.2.3/lib" />
        <root url="file:///Library/Ruby/Gems/2.3.0/gems/loofah-2.2.3/test" />
        <root url="file:///Library/Ruby/Gems/2.3.0/gems/loofah-2.2.3/benchmark" />
      </SOURCES>
      <excluded>
        <root url="file:///Library/Ruby/Gems/2.3.0/gems/loofah-2.2.3/test" />
        <root url="file:///Library/Ruby/Gems/2.3.0/gems/loofah-2.2.3/benchmark" />
      </excluded>
    </library>
    <library name="mail (v2.7.1, ruby-2.3.3-p222) [gem]" type="rubylib">
      <properties>
        <option name="version" value="3" />
      </properties>
      <CLASSES>
        <root url="file:///Library/Ruby/Gems/2.3.0/gems/mail-2.7.1/lib" />
      </CLASSES>
      <JAVADOC />
      <SOURCES>
        <root url="file:///Library/Ruby/Gems/2.3.0/gems/mail-2.7.1/lib" />
      </SOURCES>
    </library>
    <library name="marcel (v0.3.3, ruby-2.3.3-p222) [gem]" type="rubylib">
      <properties>
        <option name="version" value="3" />
      </properties>
      <CLASSES>
        <root url="file:///Library/Ruby/Gems/2.3.0/gems/marcel-0.3.3/lib" />
      </CLASSES>
      <JAVADOC />
      <SOURCES>
        <root url="file:///Library/Ruby/Gems/2.3.0/gems/marcel-0.3.3/lib" />
      </SOURCES>
    </library>
    <library name="method_source (v0.9.2, ruby-2.3.3-p222) [gem]" type="rubylib">
      <properties>
        <option name="version" value="3" />
      </properties>
      <CLASSES>
        <root url="file:///Library/Ruby/Gems/2.3.0/gems/method_source-0.9.2/lib" />
        <root url="file:///Library/Ruby/Gems/2.3.0/gems/method_source-0.9.2/spec" />
      </CLASSES>
      <JAVADOC />
      <SOURCES>
        <root url="file:///Library/Ruby/Gems/2.3.0/gems/method_source-0.9.2/lib" />
        <root url="file:///Library/Ruby/Gems/2.3.0/gems/method_source-0.9.2/spec" />
      </SOURCES>
      <excluded>
        <root url="file:///Library/Ruby/Gems/2.3.0/gems/method_source-0.9.2/spec" />
      </excluded>
    </library>
    <library name="mimemagic (v0.3.3, ruby-2.3.3-p222) [gem]" type="rubylib">
      <properties>
        <option name="version" value="3" />
      </properties>
      <CLASSES>
        <root url="file:///Library/Ruby/Gems/2.3.0/gems/mimemagic-0.3.3/lib" />
        <root url="file:///Library/Ruby/Gems/2.3.0/gems/mimemagic-0.3.3/test" />
        <root url="file:///Library/Ruby/Gems/2.3.0/gems/mimemagic-0.3.3/script" />
      </CLASSES>
      <JAVADOC />
      <SOURCES>
        <root url="file:///Library/Ruby/Gems/2.3.0/gems/mimemagic-0.3.3/lib" />
        <root url="file:///Library/Ruby/Gems/2.3.0/gems/mimemagic-0.3.3/test" />
        <root url="file:///Library/Ruby/Gems/2.3.0/gems/mimemagic-0.3.3/script" />
      </SOURCES>
      <excluded>
        <root url="file:///Library/Ruby/Gems/2.3.0/gems/mimemagic-0.3.3/test" />
        <root url="file:///Library/Ruby/Gems/2.3.0/gems/mimemagic-0.3.3/script" />
      </excluded>
    </library>
    <library name="mini_mime (v1.0.1, ruby-2.3.3-p222) [gem]" type="rubylib">
      <properties>
        <option name="version" value="3" />
      </properties>
      <CLASSES>
        <root url="file:///Library/Ruby/Gems/2.3.0/gems/mini_mime-1.0.1/bin" />
        <root url="file:///Library/Ruby/Gems/2.3.0/gems/mini_mime-1.0.1/lib" />
        <root url="file:///Library/Ruby/Gems/2.3.0/gems/mini_mime-1.0.1/bench" />
      </CLASSES>
      <JAVADOC />
      <SOURCES>
        <root url="file:///Library/Ruby/Gems/2.3.0/gems/mini_mime-1.0.1/bin" />
        <root url="file:///Library/Ruby/Gems/2.3.0/gems/mini_mime-1.0.1/lib" />
        <root url="file:///Library/Ruby/Gems/2.3.0/gems/mini_mime-1.0.1/bench" />
      </SOURCES>
      <excluded>
        <root url="file:///Library/Ruby/Gems/2.3.0/gems/mini_mime-1.0.1/bin" />
        <root url="file:///Library/Ruby/Gems/2.3.0/gems/mini_mime-1.0.1/bench" />
      </excluded>
    </library>
    <library name="mini_portile2 (v2.4.0, ruby-2.3.3-p222) [gem]" type="rubylib">
      <properties>
        <option name="version" value="3" />
      </properties>
      <CLASSES>
        <root url="file:///Library/Ruby/Gems/2.3.0/gems/mini_portile2-2.4.0/lib" />
        <root url="file:///Library/Ruby/Gems/2.3.0/gems/mini_portile2-2.4.0/test" />
        <root url="file:///Library/Ruby/Gems/2.3.0/gems/mini_portile2-2.4.0/concourse" />
      </CLASSES>
      <JAVADOC />
      <SOURCES>
        <root url="file:///Library/Ruby/Gems/2.3.0/gems/mini_portile2-2.4.0/lib" />
        <root url="file:///Library/Ruby/Gems/2.3.0/gems/mini_portile2-2.4.0/test" />
        <root url="file:///Library/Ruby/Gems/2.3.0/gems/mini_portile2-2.4.0/concourse" />
      </SOURCES>
      <excluded>
        <root url="file:///Library/Ruby/Gems/2.3.0/gems/mini_portile2-2.4.0/test" />
        <root url="file:///Library/Ruby/Gems/2.3.0/gems/mini_portile2-2.4.0/concourse" />
      </excluded>
    </library>
    <library name="minitest (v5.11.3, ruby-2.3.3-p222) [gem]" type="rubylib">
      <properties>
        <option name="version" value="3" />
      </properties>
      <CLASSES>
        <root url="file:///Library/Ruby/Gems/2.3.0/gems/minitest-5.11.3/lib" />
        <root url="file:///Library/Ruby/Gems/2.3.0/gems/minitest-5.11.3/test" />
      </CLASSES>
      <JAVADOC />
      <SOURCES>
        <root url="file:///Library/Ruby/Gems/2.3.0/gems/minitest-5.11.3/lib" />
        <root url="file:///Library/Ruby/Gems/2.3.0/gems/minitest-5.11.3/test" />
      </SOURCES>
      <excluded>
        <root url="file:///Library/Ruby/Gems/2.3.0/gems/minitest-5.11.3/test" />
      </excluded>
    </library>
    <library name="minitest (v5.8.5, ruby-2.3.3-p222) [gem]" type="rubylib">
      <properties>
        <option name="version" value="3" />
      </properties>
      <CLASSES>
        <root url="file:///Library/Ruby/Gems/2.3.0/gems/minitest-5.8.5/lib" />
        <root url="file:///Library/Ruby/Gems/2.3.0/gems/minitest-5.8.5/test" />
      </CLASSES>
      <JAVADOC />
      <SOURCES>
        <root url="file:///Library/Ruby/Gems/2.3.0/gems/minitest-5.8.5/lib" />
        <root url="file:///Library/Ruby/Gems/2.3.0/gems/minitest-5.8.5/test" />
      </SOURCES>
      <excluded>
        <root url="file:///Library/Ruby/Gems/2.3.0/gems/minitest-5.8.5/test" />
      </excluded>
    </library>
    <library name="msgpack (v1.2.6, ruby-2.3.3-p222) [gem]" type="rubylib">
      <properties>
        <option name="version" value="3" />
      </properties>
      <CLASSES>
        <root url="file:///Library/Ruby/Gems/2.3.0/gems/msgpack-1.2.6/ext" />
        <root url="file:///Library/Ruby/Gems/2.3.0/gems/msgpack-1.2.6/lib" />
        <root url="file:///Library/Ruby/Gems/2.3.0/gems/msgpack-1.2.6/spec" />
        <root url="file:///Library/Ruby/Gems/2.3.0/gems/msgpack-1.2.6/bench" />
        <root url="file:///Library/Ruby/Gems/2.3.0/gems/msgpack-1.2.6/doclib" />
      </CLASSES>
      <JAVADOC />
      <SOURCES>
        <root url="file:///Library/Ruby/Gems/2.3.0/gems/msgpack-1.2.6/ext" />
        <root url="file:///Library/Ruby/Gems/2.3.0/gems/msgpack-1.2.6/lib" />
        <root url="file:///Library/Ruby/Gems/2.3.0/gems/msgpack-1.2.6/spec" />
        <root url="file:///Library/Ruby/Gems/2.3.0/gems/msgpack-1.2.6/bench" />
        <root url="file:///Library/Ruby/Gems/2.3.0/gems/msgpack-1.2.6/doclib" />
      </SOURCES>
      <excluded>
        <root url="file:///Library/Ruby/Gems/2.3.0/gems/msgpack-1.2.6/ext" />
        <root url="file:///Library/Ruby/Gems/2.3.0/gems/msgpack-1.2.6/spec" />
        <root url="file:///Library/Ruby/Gems/2.3.0/gems/msgpack-1.2.6/bench" />
        <root url="file:///Library/Ruby/Gems/2.3.0/gems/msgpack-1.2.6/doclib" />
      </excluded>
    </library>
    <library name="multi_json (v1.13.1, ruby-2.3.3-p222) [gem]" type="rubylib">
      <properties>
        <option name="version" value="3" />
      </properties>
      <CLASSES>
        <root url="file:///Library/Ruby/Gems/2.3.0/gems/multi_json-1.13.1/lib" />
      </CLASSES>
      <JAVADOC />
      <SOURCES>
        <root url="file:///Library/Ruby/Gems/2.3.0/gems/multi_json-1.13.1/lib" />
      </SOURCES>
    </library>
    <library name="net-telnet (v0.1.1, ruby-2.3.3-p222) [gem]" type="rubylib">
      <properties>
        <option name="version" value="3" />
      </properties>
      <CLASSES>
        <root url="file:///Library/Ruby/Gems/2.3.0/gems/net-telnet-0.1.1/bin" />
        <root url="file:///Library/Ruby/Gems/2.3.0/gems/net-telnet-0.1.1/lib" />
      </CLASSES>
      <JAVADOC />
      <SOURCES>
        <root url="file:///Library/Ruby/Gems/2.3.0/gems/net-telnet-0.1.1/bin" />
        <root url="file:///Library/Ruby/Gems/2.3.0/gems/net-telnet-0.1.1/lib" />
      </SOURCES>
      <excluded>
        <root url="file:///Library/Ruby/Gems/2.3.0/gems/net-telnet-0.1.1/bin" />
      </excluded>
    </library>
    <library name="nio4r (v2.3.1, ruby-2.3.3-p222) [gem]" type="rubylib">
      <properties>
        <option name="version" value="3" />
      </properties>
      <CLASSES>
        <root url="file:///Library/Ruby/Gems/2.3.0/gems/nio4r-2.3.1/ext" />
        <root url="file:///Library/Ruby/Gems/2.3.0/gems/nio4r-2.3.1/lib" />
        <root url="file:///Library/Ruby/Gems/2.3.0/gems/nio4r-2.3.1/spec" />
        <root url="file:///Library/Ruby/Gems/2.3.0/gems/nio4r-2.3.1/tasks" />
        <root url="file:///Library/Ruby/Gems/2.3.0/gems/nio4r-2.3.1/examples" />
      </CLASSES>
      <JAVADOC />
      <SOURCES>
        <root url="file:///Library/Ruby/Gems/2.3.0/gems/nio4r-2.3.1/ext" />
        <root url="file:///Library/Ruby/Gems/2.3.0/gems/nio4r-2.3.1/lib" />
        <root url="file:///Library/Ruby/Gems/2.3.0/gems/nio4r-2.3.1/spec" />
        <root url="file:///Library/Ruby/Gems/2.3.0/gems/nio4r-2.3.1/tasks" />
        <root url="file:///Library/Ruby/Gems/2.3.0/gems/nio4r-2.3.1/examples" />
      </SOURCES>
      <excluded>
        <root url="file:///Library/Ruby/Gems/2.3.0/gems/nio4r-2.3.1/ext" />
        <root url="file:///Library/Ruby/Gems/2.3.0/gems/nio4r-2.3.1/spec" />
        <root url="file:///Library/Ruby/Gems/2.3.0/gems/nio4r-2.3.1/tasks" />
        <root url="file:///Library/Ruby/Gems/2.3.0/gems/nio4r-2.3.1/examples" />
      </excluded>
    </library>
    <library name="nokogiri (v1.10.1, ruby-2.3.3-p222) [gem]" type="rubylib">
      <properties>
        <option name="version" value="3" />
      </properties>
      <CLASSES>
        <root url="file:///Library/Ruby/Gems/2.3.0/gems/nokogiri-1.10.1/bin" />
        <root url="file:///Library/Ruby/Gems/2.3.0/gems/nokogiri-1.10.1/ext" />
        <root url="file:///Library/Ruby/Gems/2.3.0/gems/nokogiri-1.10.1/lib" />
        <root url="file:///Library/Ruby/Gems/2.3.0/gems/nokogiri-1.10.1/ports" />
        <root url="file:///Library/Ruby/Gems/2.3.0/gems/nokogiri-1.10.1/patches" />
      </CLASSES>
      <JAVADOC />
      <SOURCES>
        <root url="file:///Library/Ruby/Gems/2.3.0/gems/nokogiri-1.10.1/bin" />
        <root url="file:///Library/Ruby/Gems/2.3.0/gems/nokogiri-1.10.1/ext" />
        <root url="file:///Library/Ruby/Gems/2.3.0/gems/nokogiri-1.10.1/lib" />
        <root url="file:///Library/Ruby/Gems/2.3.0/gems/nokogiri-1.10.1/ports" />
        <root url="file:///Library/Ruby/Gems/2.3.0/gems/nokogiri-1.10.1/patches" />
      </SOURCES>
      <excluded>
        <root url="file:///Library/Ruby/Gems/2.3.0/gems/nokogiri-1.10.1/bin" />
        <root url="file:///Library/Ruby/Gems/2.3.0/gems/nokogiri-1.10.1/ext" />
        <root url="file:///Library/Ruby/Gems/2.3.0/gems/nokogiri-1.10.1/ports" />
        <root url="file:///Library/Ruby/Gems/2.3.0/gems/nokogiri-1.10.1/patches" />
      </excluded>
    </library>
    <library name="nokogiri (v1.5.6, ruby-2.3.3-p222) [gem]" type="rubylib">
      <properties>
        <option name="version" value="3" />
      </properties>
      <CLASSES>
        <root url="file:///System/Library/Frameworks/Ruby.framework/Versions/2.3/usr/lib/ruby/gems/2.3.0/gems/nokogiri-1.5.6/bin" />
        <root url="file:///System/Library/Frameworks/Ruby.framework/Versions/2.3/usr/lib/ruby/gems/2.3.0/gems/nokogiri-1.5.6/ext" />
        <root url="file:///System/Library/Frameworks/Ruby.framework/Versions/2.3/usr/lib/ruby/gems/2.3.0/gems/nokogiri-1.5.6/lib" />
        <root url="file:///System/Library/Frameworks/Ruby.framework/Versions/2.3/usr/lib/ruby/gems/2.3.0/gems/nokogiri-1.5.6/tasks" />
      </CLASSES>
      <JAVADOC />
      <SOURCES>
        <root url="file:///System/Library/Frameworks/Ruby.framework/Versions/2.3/usr/lib/ruby/gems/2.3.0/gems/nokogiri-1.5.6/bin" />
        <root url="file:///System/Library/Frameworks/Ruby.framework/Versions/2.3/usr/lib/ruby/gems/2.3.0/gems/nokogiri-1.5.6/ext" />
        <root url="file:///System/Library/Frameworks/Ruby.framework/Versions/2.3/usr/lib/ruby/gems/2.3.0/gems/nokogiri-1.5.6/lib" />
        <root url="file:///System/Library/Frameworks/Ruby.framework/Versions/2.3/usr/lib/ruby/gems/2.3.0/gems/nokogiri-1.5.6/tasks" />
      </SOURCES>
      <excluded>
        <root url="file:///System/Library/Frameworks/Ruby.framework/Versions/2.3/usr/lib/ruby/gems/2.3.0/gems/nokogiri-1.5.6/bin" />
        <root url="file:///System/Library/Frameworks/Ruby.framework/Versions/2.3/usr/lib/ruby/gems/2.3.0/gems/nokogiri-1.5.6/ext" />
        <root url="file:///System/Library/Frameworks/Ruby.framework/Versions/2.3/usr/lib/ruby/gems/2.3.0/gems/nokogiri-1.5.6/tasks" />
      </excluded>
    </library>
    <library name="parallel (v1.13.0, ruby-2.3.3-p222) [gem]" type="rubylib">
      <properties>
        <option name="version" value="3" />
      </properties>
      <CLASSES>
        <root url="file://$USER_HOME$/.gem/ruby/2.3.0/gems/parallel-1.13.0/lib" />
      </CLASSES>
      <JAVADOC />
      <SOURCES>
        <root url="file://$USER_HOME$/.gem/ruby/2.3.0/gems/parallel-1.13.0/lib" />
      </SOURCES>
    </library>
    <library name="parser (v2.6.0.0, ruby-2.3.3-p222) [gem]" type="rubylib">
      <properties>
        <option name="version" value="3" />
      </properties>
      <CLASSES>
        <root url="file://$USER_HOME$/.gem/ruby/2.3.0/gems/parser-2.6.0.0/ci" />
        <root url="file://$USER_HOME$/.gem/ruby/2.3.0/gems/parser-2.6.0.0/bin" />
        <root url="file://$USER_HOME$/.gem/ruby/2.3.0/gems/parser-2.6.0.0/doc" />
        <root url="file://$USER_HOME$/.gem/ruby/2.3.0/gems/parser-2.6.0.0/lib" />
        <root url="file://$USER_HOME$/.gem/ruby/2.3.0/gems/parser-2.6.0.0/test" />
      </CLASSES>
      <JAVADOC />
      <SOURCES>
        <root url="file://$USER_HOME$/.gem/ruby/2.3.0/gems/parser-2.6.0.0/ci" />
        <root url="file://$USER_HOME$/.gem/ruby/2.3.0/gems/parser-2.6.0.0/bin" />
        <root url="file://$USER_HOME$/.gem/ruby/2.3.0/gems/parser-2.6.0.0/doc" />
        <root url="file://$USER_HOME$/.gem/ruby/2.3.0/gems/parser-2.6.0.0/lib" />
        <root url="file://$USER_HOME$/.gem/ruby/2.3.0/gems/parser-2.6.0.0/test" />
      </SOURCES>
      <excluded>
        <root url="file://$USER_HOME$/.gem/ruby/2.3.0/gems/parser-2.6.0.0/ci" />
        <root url="file://$USER_HOME$/.gem/ruby/2.3.0/gems/parser-2.6.0.0/bin" />
        <root url="file://$USER_HOME$/.gem/ruby/2.3.0/gems/parser-2.6.0.0/doc" />
        <root url="file://$USER_HOME$/.gem/ruby/2.3.0/gems/parser-2.6.0.0/test" />
      </excluded>
    </library>
    <library name="power_assert (v0.2.6, ruby-2.3.3-p222) [gem]" type="rubylib">
      <properties>
        <option name="version" value="3" />
      </properties>
      <CLASSES>
        <root url="file:///Library/Ruby/Gems/2.3.0/gems/power_assert-0.2.6/lib" />
        <root url="file:///Library/Ruby/Gems/2.3.0/gems/power_assert-0.2.6/test" />
      </CLASSES>
      <JAVADOC />
      <SOURCES>
        <root url="file:///Library/Ruby/Gems/2.3.0/gems/power_assert-0.2.6/lib" />
        <root url="file:///Library/Ruby/Gems/2.3.0/gems/power_assert-0.2.6/test" />
      </SOURCES>
      <excluded>
        <root url="file:///Library/Ruby/Gems/2.3.0/gems/power_assert-0.2.6/test" />
      </excluded>
    </library>
    <library name="powerpack (v0.1.2, ruby-2.3.3-p222) [gem]" type="rubylib">
      <properties>
        <option name="version" value="3" />
      </properties>
      <CLASSES>
        <root url="file://$USER_HOME$/.gem/ruby/2.3.0/gems/powerpack-0.1.2/lib" />
        <root url="file://$USER_HOME$/.gem/ruby/2.3.0/gems/powerpack-0.1.2/spec" />
      </CLASSES>
      <JAVADOC />
      <SOURCES>
        <root url="file://$USER_HOME$/.gem/ruby/2.3.0/gems/powerpack-0.1.2/lib" />
        <root url="file://$USER_HOME$/.gem/ruby/2.3.0/gems/powerpack-0.1.2/spec" />
      </SOURCES>
      <excluded>
        <root url="file://$USER_HOME$/.gem/ruby/2.3.0/gems/powerpack-0.1.2/spec" />
      </excluded>
    </library>
    <library name="psych (v2.1.0, ruby-2.3.3-p222) [gem]" type="rubylib">
      <properties>
        <option name="version" value="3" />
      </properties>
      <CLASSES>
        <root url="file:///usr/lib/ruby/2.3.0/psych/json" />
        <root url="file:///usr/lib/ruby/2.3.0/psych/nodes" />
        <root url="file:///usr/lib/ruby/2.3.0/psych/handlers" />
        <root url="file:///usr/lib/ruby/2.3.0/psych/visitors" />
      </CLASSES>
      <JAVADOC />
      <SOURCES>
        <root url="file:///usr/lib/ruby/2.3.0/psych/json" />
        <root url="file:///usr/lib/ruby/2.3.0/psych/nodes" />
        <root url="file:///usr/lib/ruby/2.3.0/psych/handlers" />
        <root url="file:///usr/lib/ruby/2.3.0/psych/visitors" />
      </SOURCES>
      <excluded>
        <root url="file:///usr/lib/ruby/2.3.0/psych/json" />
        <root url="file:///usr/lib/ruby/2.3.0/psych/nodes" />
        <root url="file:///usr/lib/ruby/2.3.0/psych/handlers" />
        <root url="file:///usr/lib/ruby/2.3.0/psych/visitors" />
      </excluded>
    </library>
    <library name="public_suffix (v3.0.3, ruby-2.3.3-p222) [gem]" type="rubylib">
      <properties>
        <option name="version" value="3" />
      </properties>
      <CLASSES>
        <root url="file:///Library/Ruby/Gems/2.3.0/gems/public_suffix-3.0.3/bin" />
        <root url="file:///Library/Ruby/Gems/2.3.0/gems/public_suffix-3.0.3/lib" />
        <root url="file:///Library/Ruby/Gems/2.3.0/gems/public_suffix-3.0.3/data" />
        <root url="file:///Library/Ruby/Gems/2.3.0/gems/public_suffix-3.0.3/test" />
      </CLASSES>
      <JAVADOC />
      <SOURCES>
        <root url="file:///Library/Ruby/Gems/2.3.0/gems/public_suffix-3.0.3/bin" />
        <root url="file:///Library/Ruby/Gems/2.3.0/gems/public_suffix-3.0.3/lib" />
        <root url="file:///Library/Ruby/Gems/2.3.0/gems/public_suffix-3.0.3/data" />
        <root url="file:///Library/Ruby/Gems/2.3.0/gems/public_suffix-3.0.3/test" />
      </SOURCES>
      <excluded>
        <root url="file:///Library/Ruby/Gems/2.3.0/gems/public_suffix-3.0.3/bin" />
        <root url="file:///Library/Ruby/Gems/2.3.0/gems/public_suffix-3.0.3/data" />
        <root url="file:///Library/Ruby/Gems/2.3.0/gems/public_suffix-3.0.3/test" />
      </excluded>
    </library>
    <library name="puma (v3.12.0, ruby-2.3.3-p222) [gem]" type="rubylib">
      <properties>
        <option name="version" value="3" />
      </properties>
      <CLASSES>
        <root url="file:///Library/Ruby/Gems/2.3.0/gems/puma-3.12.0/bin" />
        <root url="file:///Library/Ruby/Gems/2.3.0/gems/puma-3.12.0/ext" />
        <root url="file:///Library/Ruby/Gems/2.3.0/gems/puma-3.12.0/lib" />
        <root url="file:///Library/Ruby/Gems/2.3.0/gems/puma-3.12.0/docs" />
        <root url="file:///Library/Ruby/Gems/2.3.0/gems/puma-3.12.0/tools" />
      </CLASSES>
      <JAVADOC />
      <SOURCES>
        <root url="file:///Library/Ruby/Gems/2.3.0/gems/puma-3.12.0/bin" />
        <root url="file:///Library/Ruby/Gems/2.3.0/gems/puma-3.12.0/ext" />
        <root url="file:///Library/Ruby/Gems/2.3.0/gems/puma-3.12.0/lib" />
        <root url="file:///Library/Ruby/Gems/2.3.0/gems/puma-3.12.0/docs" />
        <root url="file:///Library/Ruby/Gems/2.3.0/gems/puma-3.12.0/tools" />
      </SOURCES>
      <excluded>
        <root url="file:///Library/Ruby/Gems/2.3.0/gems/puma-3.12.0/bin" />
        <root url="file:///Library/Ruby/Gems/2.3.0/gems/puma-3.12.0/ext" />
        <root url="file:///Library/Ruby/Gems/2.3.0/gems/puma-3.12.0/docs" />
        <root url="file:///Library/Ruby/Gems/2.3.0/gems/puma-3.12.0/tools" />
      </excluded>
    </library>
    <library name="rack (v2.0.6, ruby-2.3.3-p222) [gem]" type="rubylib">
      <properties>
        <option name="version" value="3" />
      </properties>
      <CLASSES>
        <root url="file:///Library/Ruby/Gems/2.3.0/gems/rack-2.0.6/bin" />
        <root url="file:///Library/Ruby/Gems/2.3.0/gems/rack-2.0.6/lib" />
        <root url="file:///Library/Ruby/Gems/2.3.0/gems/rack-2.0.6/test" />
        <root url="file:///Library/Ruby/Gems/2.3.0/gems/rack-2.0.6/contrib" />
        <root url="file:///Library/Ruby/Gems/2.3.0/gems/rack-2.0.6/example" />
      </CLASSES>
      <JAVADOC />
      <SOURCES>
        <root url="file:///Library/Ruby/Gems/2.3.0/gems/rack-2.0.6/bin" />
        <root url="file:///Library/Ruby/Gems/2.3.0/gems/rack-2.0.6/lib" />
        <root url="file:///Library/Ruby/Gems/2.3.0/gems/rack-2.0.6/test" />
        <root url="file:///Library/Ruby/Gems/2.3.0/gems/rack-2.0.6/contrib" />
        <root url="file:///Library/Ruby/Gems/2.3.0/gems/rack-2.0.6/example" />
      </SOURCES>
      <excluded>
        <root url="file:///Library/Ruby/Gems/2.3.0/gems/rack-2.0.6/bin" />
        <root url="file:///Library/Ruby/Gems/2.3.0/gems/rack-2.0.6/test" />
        <root url="file:///Library/Ruby/Gems/2.3.0/gems/rack-2.0.6/contrib" />
        <root url="file:///Library/Ruby/Gems/2.3.0/gems/rack-2.0.6/example" />
      </excluded>
    </library>
    <library name="rack-test (v1.1.0, ruby-2.3.3-p222) [gem]" type="rubylib">
      <properties>
        <option name="version" value="3" />
      </properties>
      <CLASSES>
        <root url="file:///Library/Ruby/Gems/2.3.0/gems/rack-test-1.1.0/lib" />
      </CLASSES>
      <JAVADOC />
      <SOURCES>
        <root url="file:///Library/Ruby/Gems/2.3.0/gems/rack-test-1.1.0/lib" />
      </SOURCES>
    </library>
    <library name="rails (v5.2.2, ruby-2.3.3-p222) [gem]" type="rubylib">
      <properties>
        <option name="version" value="3" />
      </properties>
      <CLASSES />
      <JAVADOC />
      <SOURCES />
    </library>
    <library name="rails-dom-testing (v2.0.3, ruby-2.3.3-p222) [gem]" type="rubylib">
      <properties>
        <option name="version" value="3" />
      </properties>
      <CLASSES>
        <root url="file:///Library/Ruby/Gems/2.3.0/gems/rails-dom-testing-2.0.3/lib" />
        <root url="file:///Library/Ruby/Gems/2.3.0/gems/rails-dom-testing-2.0.3/test" />
      </CLASSES>
      <JAVADOC />
      <SOURCES>
        <root url="file:///Library/Ruby/Gems/2.3.0/gems/rails-dom-testing-2.0.3/lib" />
        <root url="file:///Library/Ruby/Gems/2.3.0/gems/rails-dom-testing-2.0.3/test" />
      </SOURCES>
      <excluded>
        <root url="file:///Library/Ruby/Gems/2.3.0/gems/rails-dom-testing-2.0.3/test" />
      </excluded>
    </library>
    <library name="rails-html-sanitizer (v1.0.4, ruby-2.3.3-p222) [gem]" type="rubylib">
      <properties>
        <option name="version" value="3" />
      </properties>
      <CLASSES>
        <root url="file:///Library/Ruby/Gems/2.3.0/gems/rails-html-sanitizer-1.0.4/lib" />
        <root url="file:///Library/Ruby/Gems/2.3.0/gems/rails-html-sanitizer-1.0.4/test" />
      </CLASSES>
      <JAVADOC />
      <SOURCES>
        <root url="file:///Library/Ruby/Gems/2.3.0/gems/rails-html-sanitizer-1.0.4/lib" />
        <root url="file:///Library/Ruby/Gems/2.3.0/gems/rails-html-sanitizer-1.0.4/test" />
      </SOURCES>
      <excluded>
        <root url="file:///Library/Ruby/Gems/2.3.0/gems/rails-html-sanitizer-1.0.4/test" />
      </excluded>
    </library>
    <library name="railties (v5.2.2, ruby-2.3.3-p222) [gem]" type="rubylib">
      <properties>
        <option name="version" value="3" />
      </properties>
      <CLASSES>
        <root url="file:///Library/Ruby/Gems/2.3.0/gems/railties-5.2.2/exe" />
        <root url="file:///Library/Ruby/Gems/2.3.0/gems/railties-5.2.2/lib" />
      </CLASSES>
      <JAVADOC />
      <SOURCES>
        <root url="file:///Library/Ruby/Gems/2.3.0/gems/railties-5.2.2/exe" />
        <root url="file:///Library/Ruby/Gems/2.3.0/gems/railties-5.2.2/lib" />
      </SOURCES>
      <excluded>
        <root url="file:///Library/Ruby/Gems/2.3.0/gems/railties-5.2.2/exe" />
      </excluded>
    </library>
    <library name="rainbow (v3.0.0, ruby-2.3.3-p222) [gem]" type="rubylib">
      <properties>
        <option name="version" value="3" />
      </properties>
      <CLASSES>
        <root url="file://$USER_HOME$/.gem/ruby/2.3.0/gems/rainbow-3.0.0/lib" />
        <root url="file://$USER_HOME$/.gem/ruby/2.3.0/gems/rainbow-3.0.0/spec" />
      </CLASSES>
      <JAVADOC />
      <SOURCES>
        <root url="file://$USER_HOME$/.gem/ruby/2.3.0/gems/rainbow-3.0.0/lib" />
        <root url="file://$USER_HOME$/.gem/ruby/2.3.0/gems/rainbow-3.0.0/spec" />
      </SOURCES>
      <excluded>
        <root url="file://$USER_HOME$/.gem/ruby/2.3.0/gems/rainbow-3.0.0/spec" />
      </excluded>
    </library>
    <library name="rake (v10.4.2, ruby-2.3.3-p222) [gem]" type="rubylib">
      <properties>
        <option name="version" value="3" />
      </properties>
      <CLASSES>
        <root url="file:///Library/Ruby/Gems/2.3.0/gems/rake-10.4.2/bin" />
        <root url="file:///Library/Ruby/Gems/2.3.0/gems/rake-10.4.2/doc" />
        <root url="file:///Library/Ruby/Gems/2.3.0/gems/rake-10.4.2/lib" />
        <root url="file:///Library/Ruby/Gems/2.3.0/gems/rake-10.4.2/test" />
        <root url="file:///Library/Ruby/Gems/2.3.0/gems/rake-10.4.2/rakelib" />
      </CLASSES>
      <JAVADOC />
      <SOURCES>
        <root url="file:///Library/Ruby/Gems/2.3.0/gems/rake-10.4.2/bin" />
        <root url="file:///Library/Ruby/Gems/2.3.0/gems/rake-10.4.2/doc" />
        <root url="file:///Library/Ruby/Gems/2.3.0/gems/rake-10.4.2/lib" />
        <root url="file:///Library/Ruby/Gems/2.3.0/gems/rake-10.4.2/test" />
        <root url="file:///Library/Ruby/Gems/2.3.0/gems/rake-10.4.2/rakelib" />
      </SOURCES>
      <excluded>
        <root url="file:///Library/Ruby/Gems/2.3.0/gems/rake-10.4.2/bin" />
        <root url="file:///Library/Ruby/Gems/2.3.0/gems/rake-10.4.2/doc" />
        <root url="file:///Library/Ruby/Gems/2.3.0/gems/rake-10.4.2/test" />
        <root url="file:///Library/Ruby/Gems/2.3.0/gems/rake-10.4.2/rakelib" />
      </excluded>
    </library>
    <library name="rake (v12.3.2, ruby-2.3.3-p222) [gem]" type="rubylib">
      <properties>
        <option name="version" value="3" />
      </properties>
      <CLASSES>
        <root url="file:///Library/Ruby/Gems/2.3.0/gems/rake-12.3.2/bin" />
        <root url="file:///Library/Ruby/Gems/2.3.0/gems/rake-12.3.2/doc" />
        <root url="file:///Library/Ruby/Gems/2.3.0/gems/rake-12.3.2/exe" />
        <root url="file:///Library/Ruby/Gems/2.3.0/gems/rake-12.3.2/lib" />
      </CLASSES>
      <JAVADOC />
      <SOURCES>
        <root url="file:///Library/Ruby/Gems/2.3.0/gems/rake-12.3.2/bin" />
        <root url="file:///Library/Ruby/Gems/2.3.0/gems/rake-12.3.2/doc" />
        <root url="file:///Library/Ruby/Gems/2.3.0/gems/rake-12.3.2/exe" />
        <root url="file:///Library/Ruby/Gems/2.3.0/gems/rake-12.3.2/lib" />
      </SOURCES>
      <excluded>
        <root url="file:///Library/Ruby/Gems/2.3.0/gems/rake-12.3.2/bin" />
        <root url="file:///Library/Ruby/Gems/2.3.0/gems/rake-12.3.2/doc" />
        <root url="file:///Library/Ruby/Gems/2.3.0/gems/rake-12.3.2/exe" />
      </excluded>
    </library>
    <library name="rb-fsevent (v0.10.3, ruby-2.3.3-p222) [gem]" type="rubylib">
      <properties>
        <option name="version" value="3" />
      </properties>
      <CLASSES>
        <root url="file:///Library/Ruby/Gems/2.3.0/gems/rb-fsevent-0.10.3/bin" />
        <root url="file:///Library/Ruby/Gems/2.3.0/gems/rb-fsevent-0.10.3/ext" />
        <root url="file:///Library/Ruby/Gems/2.3.0/gems/rb-fsevent-0.10.3/lib" />
      </CLASSES>
      <JAVADOC />
      <SOURCES>
        <root url="file:///Library/Ruby/Gems/2.3.0/gems/rb-fsevent-0.10.3/bin" />
        <root url="file:///Library/Ruby/Gems/2.3.0/gems/rb-fsevent-0.10.3/ext" />
        <root url="file:///Library/Ruby/Gems/2.3.0/gems/rb-fsevent-0.10.3/lib" />
      </SOURCES>
      <excluded>
        <root url="file:///Library/Ruby/Gems/2.3.0/gems/rb-fsevent-0.10.3/bin" />
        <root url="file:///Library/Ruby/Gems/2.3.0/gems/rb-fsevent-0.10.3/ext" />
      </excluded>
    </library>
    <library name="rb-inotify (v0.10.0, ruby-2.3.3-p222) [gem]" type="rubylib">
      <properties>
        <option name="version" value="3" />
      </properties>
      <CLASSES>
        <root url="file:///Library/Ruby/Gems/2.3.0/gems/rb-inotify-0.10.0/lib" />
        <root url="file:///Library/Ruby/Gems/2.3.0/gems/rb-inotify-0.10.0/spec" />
      </CLASSES>
      <JAVADOC />
      <SOURCES>
        <root url="file:///Library/Ruby/Gems/2.3.0/gems/rb-inotify-0.10.0/lib" />
        <root url="file:///Library/Ruby/Gems/2.3.0/gems/rb-inotify-0.10.0/spec" />
      </SOURCES>
      <excluded>
        <root url="file:///Library/Ruby/Gems/2.3.0/gems/rb-inotify-0.10.0/spec" />
      </excluded>
    </library>
    <library name="rdoc (v4.2.1, ruby-2.3.3-p222) [gem]" type="rubylib">
      <properties>
        <option name="version" value="3" />
      </properties>
      <CLASSES>
        <root url="file:///usr/lib/ruby/2.3.0/rdoc/rd" />
        <root url="file:///usr/lib/ruby/2.3.0/rdoc/ri" />
        <root url="file:///usr/lib/ruby/2.3.0/rdoc/i18n" />
        <root url="file:///usr/lib/ruby/2.3.0/rdoc/stats" />
        <root url="file:///usr/lib/ruby/2.3.0/rdoc/markup" />
        <root url="file:///usr/lib/ruby/2.3.0/rdoc/parser" />
        <root url="file:///usr/lib/ruby/2.3.0/rdoc/context" />
        <root url="file:///usr/lib/ruby/2.3.0/rdoc/markdown" />
        <root url="file:///usr/lib/ruby/2.3.0/rdoc/generator" />
      </CLASSES>
      <JAVADOC />
      <SOURCES>
        <root url="file:///usr/lib/ruby/2.3.0/rdoc/rd" />
        <root url="file:///usr/lib/ruby/2.3.0/rdoc/ri" />
        <root url="file:///usr/lib/ruby/2.3.0/rdoc/i18n" />
        <root url="file:///usr/lib/ruby/2.3.0/rdoc/stats" />
        <root url="file:///usr/lib/ruby/2.3.0/rdoc/markup" />
        <root url="file:///usr/lib/ruby/2.3.0/rdoc/parser" />
        <root url="file:///usr/lib/ruby/2.3.0/rdoc/context" />
        <root url="file:///usr/lib/ruby/2.3.0/rdoc/markdown" />
        <root url="file:///usr/lib/ruby/2.3.0/rdoc/generator" />
      </SOURCES>
      <excluded>
        <root url="file:///usr/lib/ruby/2.3.0/rdoc/rd" />
        <root url="file:///usr/lib/ruby/2.3.0/rdoc/ri" />
        <root url="file:///usr/lib/ruby/2.3.0/rdoc/i18n" />
        <root url="file:///usr/lib/ruby/2.3.0/rdoc/stats" />
        <root url="file:///usr/lib/ruby/2.3.0/rdoc/markup" />
        <root url="file:///usr/lib/ruby/2.3.0/rdoc/parser" />
        <root url="file:///usr/lib/ruby/2.3.0/rdoc/context" />
        <root url="file:///usr/lib/ruby/2.3.0/rdoc/markdown" />
        <root url="file:///usr/lib/ruby/2.3.0/rdoc/generator" />
      </excluded>
    </library>
    <library name="regexp_parser (v1.3.0, ruby-2.3.3-p222) [gem]" type="rubylib">
      <properties>
        <option name="version" value="3" />
      </properties>
      <CLASSES>
        <root url="file:///Library/Ruby/Gems/2.3.0/gems/regexp_parser-1.3.0/lib" />
        <root url="file:///Library/Ruby/Gems/2.3.0/gems/regexp_parser-1.3.0/test" />
      </CLASSES>
      <JAVADOC />
      <SOURCES>
        <root url="file:///Library/Ruby/Gems/2.3.0/gems/regexp_parser-1.3.0/lib" />
        <root url="file:///Library/Ruby/Gems/2.3.0/gems/regexp_parser-1.3.0/test" />
      </SOURCES>
      <excluded>
        <root url="file:///Library/Ruby/Gems/2.3.0/gems/regexp_parser-1.3.0/test" />
      </excluded>
    </library>
    <library name="rubocop (v0.63.1, ruby-2.3.3-p222) [gem]" type="rubylib">
      <properties>
        <option name="version" value="3" />
      </properties>
      <CLASSES>
        <root url="file:///Library/Ruby/Gems/2.3.0/gems/rubocop-0.63.1/bin" />
        <root url="file:///Library/Ruby/Gems/2.3.0/gems/rubocop-0.63.1/exe" />
        <root url="file:///Library/Ruby/Gems/2.3.0/gems/rubocop-0.63.1/lib" />
        <root url="file:///Library/Ruby/Gems/2.3.0/gems/rubocop-0.63.1/assets" />
        <root url="file:///Library/Ruby/Gems/2.3.0/gems/rubocop-0.63.1/config" />
      </CLASSES>
      <JAVADOC />
      <SOURCES>
        <root url="file:///Library/Ruby/Gems/2.3.0/gems/rubocop-0.63.1/bin" />
        <root url="file:///Library/Ruby/Gems/2.3.0/gems/rubocop-0.63.1/exe" />
        <root url="file:///Library/Ruby/Gems/2.3.0/gems/rubocop-0.63.1/lib" />
        <root url="file:///Library/Ruby/Gems/2.3.0/gems/rubocop-0.63.1/assets" />
        <root url="file:///Library/Ruby/Gems/2.3.0/gems/rubocop-0.63.1/config" />
      </SOURCES>
      <excluded>
        <root url="file:///Library/Ruby/Gems/2.3.0/gems/rubocop-0.63.1/bin" />
        <root url="file:///Library/Ruby/Gems/2.3.0/gems/rubocop-0.63.1/exe" />
        <root url="file:///Library/Ruby/Gems/2.3.0/gems/rubocop-0.63.1/assets" />
        <root url="file:///Library/Ruby/Gems/2.3.0/gems/rubocop-0.63.1/config" />
      </excluded>
    </library>
    <library name="ruby-progressbar (v1.10.0, ruby-2.3.3-p222) [gem]" type="rubylib">
      <properties>
        <option name="version" value="3" />
      </properties>
      <CLASSES>
        <root url="file://$USER_HOME$/.gem/ruby/2.3.0/gems/ruby-progressbar-1.10.0/lib" />
      </CLASSES>
      <JAVADOC />
      <SOURCES>
        <root url="file://$USER_HOME$/.gem/ruby/2.3.0/gems/ruby-progressbar-1.10.0/lib" />
      </SOURCES>
    </library>
    <library name="ruby_dep (v1.5.0, ruby-2.3.3-p222) [gem]" type="rubylib">
      <properties>
        <option name="version" value="3" />
      </properties>
      <CLASSES>
        <root url="file:///Library/Ruby/Gems/2.3.0/gems/ruby_dep-1.5.0/lib" />
      </CLASSES>
      <JAVADOC />
      <SOURCES>
        <root url="file:///Library/Ruby/Gems/2.3.0/gems/ruby_dep-1.5.0/lib" />
      </SOURCES>
    </library>
    <library name="rubyzip (v1.2.2, ruby-2.3.3-p222) [gem]" type="rubylib">
      <properties>
        <option name="version" value="3" />
      </properties>
      <CLASSES>
        <root url="file:///Library/Ruby/Gems/2.3.0/gems/rubyzip-1.2.2/lib" />
        <root url="file:///Library/Ruby/Gems/2.3.0/gems/rubyzip-1.2.2/test" />
        <root url="file:///Library/Ruby/Gems/2.3.0/gems/rubyzip-1.2.2/samples" />
      </CLASSES>
      <JAVADOC />
      <SOURCES>
        <root url="file:///Library/Ruby/Gems/2.3.0/gems/rubyzip-1.2.2/lib" />
        <root url="file:///Library/Ruby/Gems/2.3.0/gems/rubyzip-1.2.2/test" />
        <root url="file:///Library/Ruby/Gems/2.3.0/gems/rubyzip-1.2.2/samples" />
      </SOURCES>
      <excluded>
        <root url="file:///Library/Ruby/Gems/2.3.0/gems/rubyzip-1.2.2/test" />
        <root url="file:///Library/Ruby/Gems/2.3.0/gems/rubyzip-1.2.2/samples" />
      </excluded>
    </library>
    <library name="sass (v3.7.3, ruby-2.3.3-p222) [gem]" type="rubylib">
      <properties>
        <option name="version" value="3" />
      </properties>
      <CLASSES>
        <root url="file:///Library/Ruby/Gems/2.3.0/gems/sass-3.7.3/bin" />
        <root url="file:///Library/Ruby/Gems/2.3.0/gems/sass-3.7.3/lib" />
        <root url="file:///Library/Ruby/Gems/2.3.0/gems/sass-3.7.3/extra" />
        <root url="file:///Library/Ruby/Gems/2.3.0/gems/sass-3.7.3/rails" />
      </CLASSES>
      <JAVADOC />
      <SOURCES>
        <root url="file:///Library/Ruby/Gems/2.3.0/gems/sass-3.7.3/bin" />
        <root url="file:///Library/Ruby/Gems/2.3.0/gems/sass-3.7.3/lib" />
        <root url="file:///Library/Ruby/Gems/2.3.0/gems/sass-3.7.3/extra" />
        <root url="file:///Library/Ruby/Gems/2.3.0/gems/sass-3.7.3/rails" />
      </SOURCES>
      <excluded>
        <root url="file:///Library/Ruby/Gems/2.3.0/gems/sass-3.7.3/bin" />
        <root url="file:///Library/Ruby/Gems/2.3.0/gems/sass-3.7.3/extra" />
        <root url="file:///Library/Ruby/Gems/2.3.0/gems/sass-3.7.3/rails" />
      </excluded>
    </library>
    <library name="sass-listen (v4.0.0, ruby-2.3.3-p222) [gem]" type="rubylib">
      <properties>
        <option name="version" value="3" />
      </properties>
      <CLASSES>
        <root url="file:///Library/Ruby/Gems/2.3.0/gems/sass-listen-4.0.0/lib" />
      </CLASSES>
      <JAVADOC />
      <SOURCES>
        <root url="file:///Library/Ruby/Gems/2.3.0/gems/sass-listen-4.0.0/lib" />
      </SOURCES>
    </library>
    <library name="sass-rails (v5.0.7, ruby-2.3.3-p222) [gem]" type="rubylib">
      <properties>
        <option name="version" value="3" />
      </properties>
      <CLASSES>
        <root url="file:///Library/Ruby/Gems/2.3.0/gems/sass-rails-5.0.7/lib" />
      </CLASSES>
      <JAVADOC />
      <SOURCES>
        <root url="file:///Library/Ruby/Gems/2.3.0/gems/sass-rails-5.0.7/lib" />
      </SOURCES>
    </library>
    <library name="selenium-webdriver (v3.141.0, ruby-2.3.3-p222) [gem]" type="rubylib">
      <properties>
        <option name="version" value="3" />
      </properties>
      <CLASSES>
        <root url="file:///Library/Ruby/Gems/2.3.0/gems/selenium-webdriver-3.141.0/lib" />
      </CLASSES>
      <JAVADOC />
      <SOURCES>
        <root url="file:///Library/Ruby/Gems/2.3.0/gems/selenium-webdriver-3.141.0/lib" />
      </SOURCES>
    </library>
    <library name="spring (v2.0.2, ruby-2.3.3-p222) [gem]" type="rubylib">
      <properties>
        <option name="version" value="3" />
      </properties>
      <CLASSES>
        <root url="file:///Library/Ruby/Gems/2.3.0/gems/spring-2.0.2/bin" />
        <root url="file:///Library/Ruby/Gems/2.3.0/gems/spring-2.0.2/lib" />
      </CLASSES>
      <JAVADOC />
      <SOURCES>
        <root url="file:///Library/Ruby/Gems/2.3.0/gems/spring-2.0.2/bin" />
        <root url="file:///Library/Ruby/Gems/2.3.0/gems/spring-2.0.2/lib" />
      </SOURCES>
      <excluded>
        <root url="file:///Library/Ruby/Gems/2.3.0/gems/spring-2.0.2/bin" />
      </excluded>
    </library>
    <library name="spring-watcher-listen (v2.0.1, ruby-2.3.3-p222) [gem]" type="rubylib">
      <properties>
        <option name="version" value="3" />
      </properties>
      <CLASSES>
        <root url="file:///Library/Ruby/Gems/2.3.0/gems/spring-watcher-listen-2.0.1/lib" />
        <root url="file:///Library/Ruby/Gems/2.3.0/gems/spring-watcher-listen-2.0.1/test" />
      </CLASSES>
      <JAVADOC />
      <SOURCES>
        <root url="file:///Library/Ruby/Gems/2.3.0/gems/spring-watcher-listen-2.0.1/lib" />
        <root url="file:///Library/Ruby/Gems/2.3.0/gems/spring-watcher-listen-2.0.1/test" />
      </SOURCES>
      <excluded>
        <root url="file:///Library/Ruby/Gems/2.3.0/gems/spring-watcher-listen-2.0.1/test" />
      </excluded>
    </library>
    <library name="sprockets (v3.7.2, ruby-2.3.3-p222) [gem]" type="rubylib">
      <properties>
        <option name="version" value="3" />
      </properties>
      <CLASSES>
        <root url="file:///Library/Ruby/Gems/2.3.0/gems/sprockets-3.7.2/bin" />
        <root url="file:///Library/Ruby/Gems/2.3.0/gems/sprockets-3.7.2/lib" />
      </CLASSES>
      <JAVADOC />
      <SOURCES>
        <root url="file:///Library/Ruby/Gems/2.3.0/gems/sprockets-3.7.2/bin" />
        <root url="file:///Library/Ruby/Gems/2.3.0/gems/sprockets-3.7.2/lib" />
      </SOURCES>
      <excluded>
        <root url="file:///Library/Ruby/Gems/2.3.0/gems/sprockets-3.7.2/bin" />
      </excluded>
    </library>
    <library name="sprockets-rails (v3.2.1, ruby-2.3.3-p222) [gem]" type="rubylib">
      <properties>
        <option name="version" value="3" />
      </properties>
      <CLASSES>
        <root url="file:///Library/Ruby/Gems/2.3.0/gems/sprockets-rails-3.2.1/lib" />
      </CLASSES>
      <JAVADOC />
      <SOURCES>
        <root url="file:///Library/Ruby/Gems/2.3.0/gems/sprockets-rails-3.2.1/lib" />
      </SOURCES>
    </library>
    <library name="sqlite3 (v1.3.11, ruby-2.3.3-p222) [gem]" type="rubylib">
      <properties>
        <option name="version" value="3" />
      </properties>
      <CLASSES>
        <root url="file:///System/Library/Frameworks/Ruby.framework/Versions/2.3/usr/lib/ruby/gems/2.3.0/gems/sqlite3-1.3.11/ext" />
        <root url="file:///System/Library/Frameworks/Ruby.framework/Versions/2.3/usr/lib/ruby/gems/2.3.0/gems/sqlite3-1.3.11/faq" />
        <root url="file:///System/Library/Frameworks/Ruby.framework/Versions/2.3/usr/lib/ruby/gems/2.3.0/gems/sqlite3-1.3.11/lib" />
        <root url="file:///System/Library/Frameworks/Ruby.framework/Versions/2.3/usr/lib/ruby/gems/2.3.0/gems/sqlite3-1.3.11/tasks" />
      </CLASSES>
      <JAVADOC />
      <SOURCES>
        <root url="file:///System/Library/Frameworks/Ruby.framework/Versions/2.3/usr/lib/ruby/gems/2.3.0/gems/sqlite3-1.3.11/ext" />
        <root url="file:///System/Library/Frameworks/Ruby.framework/Versions/2.3/usr/lib/ruby/gems/2.3.0/gems/sqlite3-1.3.11/faq" />
        <root url="file:///System/Library/Frameworks/Ruby.framework/Versions/2.3/usr/lib/ruby/gems/2.3.0/gems/sqlite3-1.3.11/lib" />
        <root url="file:///System/Library/Frameworks/Ruby.framework/Versions/2.3/usr/lib/ruby/gems/2.3.0/gems/sqlite3-1.3.11/tasks" />
      </SOURCES>
      <excluded>
        <root url="file:///System/Library/Frameworks/Ruby.framework/Versions/2.3/usr/lib/ruby/gems/2.3.0/gems/sqlite3-1.3.11/ext" />
        <root url="file:///System/Library/Frameworks/Ruby.framework/Versions/2.3/usr/lib/ruby/gems/2.3.0/gems/sqlite3-1.3.11/faq" />
        <root url="file:///System/Library/Frameworks/Ruby.framework/Versions/2.3/usr/lib/ruby/gems/2.3.0/gems/sqlite3-1.3.11/tasks" />
      </excluded>
    </library>
    <library name="sqlite3 (v1.3.13, ruby-2.3.3-p222) [gem]" type="rubylib">
      <properties>
        <option name="version" value="3" />
      </properties>
      <CLASSES>
        <root url="file:///Library/Ruby/Gems/2.3.0/gems/sqlite3-1.3.13/ext" />
        <root url="file:///Library/Ruby/Gems/2.3.0/gems/sqlite3-1.3.13/faq" />
        <root url="file:///Library/Ruby/Gems/2.3.0/gems/sqlite3-1.3.13/lib" />
        <root url="file:///Library/Ruby/Gems/2.3.0/gems/sqlite3-1.3.13/test" />
        <root url="file:///Library/Ruby/Gems/2.3.0/gems/sqlite3-1.3.13/tasks" />
      </CLASSES>
      <JAVADOC />
      <SOURCES>
        <root url="file:///Library/Ruby/Gems/2.3.0/gems/sqlite3-1.3.13/ext" />
        <root url="file:///Library/Ruby/Gems/2.3.0/gems/sqlite3-1.3.13/faq" />
        <root url="file:///Library/Ruby/Gems/2.3.0/gems/sqlite3-1.3.13/lib" />
        <root url="file:///Library/Ruby/Gems/2.3.0/gems/sqlite3-1.3.13/test" />
        <root url="file:///Library/Ruby/Gems/2.3.0/gems/sqlite3-1.3.13/tasks" />
      </SOURCES>
      <excluded>
        <root url="file:///Library/Ruby/Gems/2.3.0/gems/sqlite3-1.3.13/ext" />
        <root url="file:///Library/Ruby/Gems/2.3.0/gems/sqlite3-1.3.13/faq" />
        <root url="file:///Library/Ruby/Gems/2.3.0/gems/sqlite3-1.3.13/test" />
        <root url="file:///Library/Ruby/Gems/2.3.0/gems/sqlite3-1.3.13/tasks" />
      </excluded>
    </library>
    <library name="sqlite3-ruby (v1.3.3, ruby-2.3.3-p222) [gem]" type="rubylib">
      <properties>
        <option name="version" value="3" />
      </properties>
      <CLASSES>
        <root url="file:///Library/Ruby/Gems/2.3.0/gems/sqlite3-ruby-1.3.3/bin" />
        <root url="file:///Library/Ruby/Gems/2.3.0/gems/sqlite3-ruby-1.3.3/lib" />
      </CLASSES>
      <JAVADOC />
      <SOURCES>
        <root url="file:///Library/Ruby/Gems/2.3.0/gems/sqlite3-ruby-1.3.3/bin" />
        <root url="file:///Library/Ruby/Gems/2.3.0/gems/sqlite3-ruby-1.3.3/lib" />
      </SOURCES>
      <excluded>
        <root url="file:///Library/Ruby/Gems/2.3.0/gems/sqlite3-ruby-1.3.3/bin" />
      </excluded>
    </library>
    <library name="test-unit (v3.1.5, ruby-2.3.3-p222) [gem]" type="rubylib">
      <properties>
        <option name="version" value="3" />
      </properties>
      <CLASSES>
        <root url="file:///Library/Ruby/Gems/2.3.0/gems/test-unit-3.1.5/doc" />
        <root url="file:///Library/Ruby/Gems/2.3.0/gems/test-unit-3.1.5/lib" />
        <root url="file:///Library/Ruby/Gems/2.3.0/gems/test-unit-3.1.5/test" />
        <root url="file:///Library/Ruby/Gems/2.3.0/gems/test-unit-3.1.5/sample" />
      </CLASSES>
      <JAVADOC />
      <SOURCES>
        <root url="file:///Library/Ruby/Gems/2.3.0/gems/test-unit-3.1.5/doc" />
        <root url="file:///Library/Ruby/Gems/2.3.0/gems/test-unit-3.1.5/lib" />
        <root url="file:///Library/Ruby/Gems/2.3.0/gems/test-unit-3.1.5/test" />
        <root url="file:///Library/Ruby/Gems/2.3.0/gems/test-unit-3.1.5/sample" />
      </SOURCES>
      <excluded>
        <root url="file:///Library/Ruby/Gems/2.3.0/gems/test-unit-3.1.5/doc" />
        <root url="file:///Library/Ruby/Gems/2.3.0/gems/test-unit-3.1.5/test" />
        <root url="file:///Library/Ruby/Gems/2.3.0/gems/test-unit-3.1.5/sample" />
      </excluded>
    </library>
    <library name="thor (v0.20.3, ruby-2.3.3-p222) [gem]" type="rubylib">
      <properties>
        <option name="version" value="3" />
      </properties>
      <CLASSES>
        <root url="file:///Library/Ruby/Gems/2.3.0/gems/thor-0.20.3/bin" />
        <root url="file:///Library/Ruby/Gems/2.3.0/gems/thor-0.20.3/lib" />
      </CLASSES>
      <JAVADOC />
      <SOURCES>
        <root url="file:///Library/Ruby/Gems/2.3.0/gems/thor-0.20.3/bin" />
        <root url="file:///Library/Ruby/Gems/2.3.0/gems/thor-0.20.3/lib" />
      </SOURCES>
      <excluded>
        <root url="file:///Library/Ruby/Gems/2.3.0/gems/thor-0.20.3/bin" />
      </excluded>
    </library>
    <library name="thread_safe (v0.3.6, ruby-2.3.3-p222) [gem]" type="rubylib">
      <properties>
        <option name="version" value="3" />
      </properties>
      <CLASSES>
        <root url="file:///Library/Ruby/Gems/2.3.0/gems/thread_safe-0.3.6/ext" />
        <root url="file:///Library/Ruby/Gems/2.3.0/gems/thread_safe-0.3.6/lib" />
        <root url="file:///Library/Ruby/Gems/2.3.0/gems/thread_safe-0.3.6/spec" />
        <root url="file:///Library/Ruby/Gems/2.3.0/gems/thread_safe-0.3.6/tasks" />
        <root url="file:///Library/Ruby/Gems/2.3.0/gems/thread_safe-0.3.6/examples" />
        <root url="file:///Library/Ruby/Gems/2.3.0/gems/thread_safe-0.3.6/yard-template" />
      </CLASSES>
      <JAVADOC />
      <SOURCES>
        <root url="file:///Library/Ruby/Gems/2.3.0/gems/thread_safe-0.3.6/ext" />
        <root url="file:///Library/Ruby/Gems/2.3.0/gems/thread_safe-0.3.6/lib" />
        <root url="file:///Library/Ruby/Gems/2.3.0/gems/thread_safe-0.3.6/spec" />
        <root url="file:///Library/Ruby/Gems/2.3.0/gems/thread_safe-0.3.6/tasks" />
        <root url="file:///Library/Ruby/Gems/2.3.0/gems/thread_safe-0.3.6/examples" />
        <root url="file:///Library/Ruby/Gems/2.3.0/gems/thread_safe-0.3.6/yard-template" />
      </SOURCES>
      <excluded>
        <root url="file:///Library/Ruby/Gems/2.3.0/gems/thread_safe-0.3.6/ext" />
        <root url="file:///Library/Ruby/Gems/2.3.0/gems/thread_safe-0.3.6/spec" />
        <root url="file:///Library/Ruby/Gems/2.3.0/gems/thread_safe-0.3.6/tasks" />
        <root url="file:///Library/Ruby/Gems/2.3.0/gems/thread_safe-0.3.6/examples" />
        <root url="file:///Library/Ruby/Gems/2.3.0/gems/thread_safe-0.3.6/yard-template" />
      </excluded>
    </library>
    <library name="tilt (v2.0.9, ruby-2.3.3-p222) [gem]" type="rubylib">
      <properties>
        <option name="version" value="3" />
      </properties>
      <CLASSES>
        <root url="file:///Library/Ruby/Gems/2.3.0/gems/tilt-2.0.9/bin" />
        <root url="file:///Library/Ruby/Gems/2.3.0/gems/tilt-2.0.9/lib" />
        <root url="file:///Library/Ruby/Gems/2.3.0/gems/tilt-2.0.9/man" />
        <root url="file:///Library/Ruby/Gems/2.3.0/gems/tilt-2.0.9/docs" />
        <root url="file:///Library/Ruby/Gems/2.3.0/gems/tilt-2.0.9/test" />
      </CLASSES>
      <JAVADOC />
      <SOURCES>
        <root url="file:///Library/Ruby/Gems/2.3.0/gems/tilt-2.0.9/bin" />
        <root url="file:///Library/Ruby/Gems/2.3.0/gems/tilt-2.0.9/lib" />
        <root url="file:///Library/Ruby/Gems/2.3.0/gems/tilt-2.0.9/man" />
        <root url="file:///Library/Ruby/Gems/2.3.0/gems/tilt-2.0.9/docs" />
        <root url="file:///Library/Ruby/Gems/2.3.0/gems/tilt-2.0.9/test" />
      </SOURCES>
      <excluded>
        <root url="file:///Library/Ruby/Gems/2.3.0/gems/tilt-2.0.9/bin" />
        <root url="file:///Library/Ruby/Gems/2.3.0/gems/tilt-2.0.9/man" />
        <root url="file:///Library/Ruby/Gems/2.3.0/gems/tilt-2.0.9/docs" />
        <root url="file:///Library/Ruby/Gems/2.3.0/gems/tilt-2.0.9/test" />
      </excluded>
    </library>
    <library name="turbolinks (v5.2.0, ruby-2.3.3-p222) [gem]" type="rubylib">
      <properties>
        <option name="version" value="3" />
      </properties>
      <CLASSES>
        <root url="file:///Library/Ruby/Gems/2.3.0/gems/turbolinks-5.2.0/lib" />
      </CLASSES>
      <JAVADOC />
      <SOURCES>
        <root url="file:///Library/Ruby/Gems/2.3.0/gems/turbolinks-5.2.0/lib" />
      </SOURCES>
    </library>
    <library name="turbolinks-source (v5.2.0, ruby-2.3.3-p222) [gem]" type="rubylib">
      <properties>
        <option name="version" value="3" />
      </properties>
      <CLASSES>
        <root url="file:///Library/Ruby/Gems/2.3.0/gems/turbolinks-source-5.2.0/lib" />
      </CLASSES>
      <JAVADOC />
      <SOURCES>
        <root url="file:///Library/Ruby/Gems/2.3.0/gems/turbolinks-source-5.2.0/lib" />
      </SOURCES>
    </library>
    <library name="tzinfo (v1.2.5, ruby-2.3.3-p222) [gem]" type="rubylib">
      <properties>
        <option name="version" value="3" />
      </properties>
      <CLASSES>
        <root url="file:///Library/Ruby/Gems/2.3.0/gems/tzinfo-1.2.5/lib" />
        <root url="file:///Library/Ruby/Gems/2.3.0/gems/tzinfo-1.2.5/test" />
      </CLASSES>
      <JAVADOC />
      <SOURCES>
        <root url="file:///Library/Ruby/Gems/2.3.0/gems/tzinfo-1.2.5/lib" />
        <root url="file:///Library/Ruby/Gems/2.3.0/gems/tzinfo-1.2.5/test" />
      </SOURCES>
      <excluded>
        <root url="file:///Library/Ruby/Gems/2.3.0/gems/tzinfo-1.2.5/test" />
      </excluded>
    </library>
    <library name="uglifier (v4.1.20, ruby-2.3.3-p222) [gem]" type="rubylib">
      <properties>
        <option name="version" value="3" />
      </properties>
      <CLASSES>
        <root url="file:///Library/Ruby/Gems/2.3.0/gems/uglifier-4.1.20/lib" />
      </CLASSES>
      <JAVADOC />
      <SOURCES>
        <root url="file:///Library/Ruby/Gems/2.3.0/gems/uglifier-4.1.20/lib" />
      </SOURCES>
    </library>
    <library name="unicode-display_width (v1.4.1, ruby-2.3.3-p222) [gem]" type="rubylib">
      <properties>
        <option name="version" value="3" />
      </properties>
      <CLASSES>
        <root url="file://$USER_HOME$/.gem/ruby/2.3.0/gems/unicode-display_width-1.4.1/lib" />
        <root url="file://$USER_HOME$/.gem/ruby/2.3.0/gems/unicode-display_width-1.4.1/data" />
      </CLASSES>
      <JAVADOC />
      <SOURCES>
        <root url="file://$USER_HOME$/.gem/ruby/2.3.0/gems/unicode-display_width-1.4.1/lib" />
        <root url="file://$USER_HOME$/.gem/ruby/2.3.0/gems/unicode-display_width-1.4.1/data" />
      </SOURCES>
      <excluded>
        <root url="file://$USER_HOME$/.gem/ruby/2.3.0/gems/unicode-display_width-1.4.1/data" />
      </excluded>
    </library>
    <library name="web-console (v3.7.0, ruby-2.3.3-p222) [gem]" type="rubylib">
      <properties>
        <option name="version" value="3" />
      </properties>
      <CLASSES>
        <root url="file:///Library/Ruby/Gems/2.3.0/gems/web-console-3.7.0/lib" />
      </CLASSES>
      <JAVADOC />
      <SOURCES>
        <root url="file:///Library/Ruby/Gems/2.3.0/gems/web-console-3.7.0/lib" />
      </SOURCES>
    </library>
    <library name="websocket-driver (v0.7.0, ruby-2.3.3-p222) [gem]" type="rubylib">
      <properties>
        <option name="version" value="3" />
      </properties>
      <CLASSES>
        <root url="file:///Library/Ruby/Gems/2.3.0/gems/websocket-driver-0.7.0/ext" />
        <root url="file:///Library/Ruby/Gems/2.3.0/gems/websocket-driver-0.7.0/lib" />
      </CLASSES>
      <JAVADOC />
      <SOURCES>
        <root url="file:///Library/Ruby/Gems/2.3.0/gems/websocket-driver-0.7.0/ext" />
        <root url="file:///Library/Ruby/Gems/2.3.0/gems/websocket-driver-0.7.0/lib" />
      </SOURCES>
      <excluded>
        <root url="file:///Library/Ruby/Gems/2.3.0/gems/websocket-driver-0.7.0/ext" />
      </excluded>
    </library>
    <library name="websocket-extensions (v0.1.3, ruby-2.3.3-p222) [gem]" type="rubylib">
      <properties>
        <option name="version" value="3" />
      </properties>
      <CLASSES>
        <root url="file:///Library/Ruby/Gems/2.3.0/gems/websocket-extensions-0.1.3/lib" />
      </CLASSES>
      <JAVADOC />
      <SOURCES>
        <root url="file:///Library/Ruby/Gems/2.3.0/gems/websocket-extensions-0.1.3/lib" />
      </SOURCES>
    </library>
    <library name="xpath (v3.2.0, ruby-2.3.3-p222) [gem]" type="rubylib">
      <properties>
        <option name="version" value="3" />
      </properties>
      <CLASSES>
        <root url="file:///Library/Ruby/Gems/2.3.0/gems/xpath-3.2.0/lib" />
        <root url="file:///Library/Ruby/Gems/2.3.0/gems/xpath-3.2.0/spec" />
      </CLASSES>
      <JAVADOC />
      <SOURCES>
        <root url="file:///Library/Ruby/Gems/2.3.0/gems/xpath-3.2.0/lib" />
        <root url="file:///Library/Ruby/Gems/2.3.0/gems/xpath-3.2.0/spec" />
      </SOURCES>
      <excluded>
        <root url="file:///Library/Ruby/Gems/2.3.0/gems/xpath-3.2.0/spec" />
      </excluded>
    </library>
  </component>
</application>