<application>
  <component name="FindSettings">
    <option name="customScope" value="All Places" />
    <option name="defaultScopeName" value="All Places" />
    <option name="SEARCH_SCOPE" value="All Places" />
    <mask>*.js</mask>
    <mask>*.as</mask>
    <mask>*.css</mask>
    <mask>*.mxml</mask>
    <mask>*properties</mask>
    <mask>*js,*jsx</mask>
    <mask>*jsx</mask>
    <mask>*.scss,*.less,*.css</mask>
    <mask>*.css,*.less,*.scss</mask>
    <mask>*less</mask>
    <mask>*gradle</mask>
    <mask>*.xml</mask>
    <mask>*html</mask>
    <mask>*sql</mask>
    <mask>*js</mask>
    <mask>*java</mask>
    <mask>*xml</mask>
  </component>
</application>
